Ligand,Binding Affinity,rmsd/ub, rmsd/lb
1z2m_minimized_2353_uff_E=472.01_uff_E=471.80,-6.5,0.0,0.0
1z2m_minimized_2353_uff_E=472.01_uff_E=471.80,-6.0,15.024,12.591
1z2m_minimized_2353_uff_E=472.01_uff_E=471.80,-6.0,4.79,3.06
1z2m_minimized_2353_uff_E=472.01_uff_E=471.80,-6.0,14.685,12.182
1z2m_minimized_2353_uff_E=472.01_uff_E=471.80,-6.0,16.436,12.922
1z2m_minimized_2353_uff_E=472.01_uff_E=471.80,-5.9,13.018,12.089
1z2m_minimized_2353_uff_E=472.01_uff_E=471.80,-5.8,7.487,5.026
1z2m_minimized_2353_uff_E=472.01_uff_E=471.80,-5.8,10.194,3.785
1z2m_minimized_2353_uff_E=472.01_uff_E=471.80,-5.8,13.774,11.904
1z2m_minimized_3663_uff_E=1121.67,-7.8,0.0,0.0
1z2m_minimized_3663_uff_E=1121.67,-7.6,11.784,7.59
1z2m_minimized_3663_uff_E=1121.67,-7.5,21.286,17.09
1z2m_minimized_3663_uff_E=1121.67,-7.5,20.444,16.971
1z2m_minimized_3663_uff_E=1121.67,-7.5,2.136,0.986
1z2m_minimized_3663_uff_E=1121.67,-7.4,20.371,17.253
1z2m_minimized_3663_uff_E=1121.67,-7.3,9.521,5.407
1z2m_minimized_3663_uff_E=1121.67,-7.3,17.654,14.518
1z2m_minimized_3663_uff_E=1121.67,-7.3,23.386,20.246
1z2m_minimized_4463_uff_E=1805.99,-6.0,0.0,0.0
1z2m_minimized_4463_uff_E=1805.99,-5.8,5.638,2.045
1z2m_minimized_4463_uff_E=1805.99,-5.8,5.585,1.928
1z2m_minimized_4463_uff_E=1805.99,-5.8,4.712,1.123
1z2m_minimized_4463_uff_E=1805.99,-5.6,3.71,1.949
1z2m_minimized_4463_uff_E=1805.99,-5.6,4.114,1.781
1z2m_minimized_4463_uff_E=1805.99,-5.6,12.589,11.313
1z2m_minimized_4463_uff_E=1805.99,-5.5,10.754,8.415
1z2m_minimized_4463_uff_E=1805.99,-5.5,5.969,1.952
1z2m_minimized_5625_uff_E=1168.32,-7.4,0.0,0.0
1z2m_minimized_5625_uff_E=1168.32,-6.9,10.647,7.667
1z2m_minimized_5625_uff_E=1168.32,-6.9,12.966,9.403
1z2m_minimized_5625_uff_E=1168.32,-6.9,10.361,7.604
1z2m_minimized_5625_uff_E=1168.32,-6.8,2.681,1.23
1z2m_minimized_5625_uff_E=1168.32,-6.7,11.041,8.09
1z2m_minimized_5625_uff_E=1168.32,-6.5,6.887,4.963
1z2m_minimized_5625_uff_E=1168.32,-6.5,11.961,7.988
1z2m_minimized_5625_uff_E=1168.32,-6.5,11.109,4.571
1z2m_minimized_10225_uff_E=180.68,-6.1,0.0,0.0
1z2m_minimized_10225_uff_E=180.68,-5.5,5.479,1.937
1z2m_minimized_10225_uff_E=180.68,-5.4,27.78,26.471
1z2m_minimized_10225_uff_E=180.68,-5.3,26.838,25.815
1z2m_minimized_10225_uff_E=180.68,-5.3,27.059,26.055
1z2m_minimized_10225_uff_E=180.68,-5.1,28.298,27.157
1z2m_minimized_10225_uff_E=180.68,-5.1,24.258,22.742
1z2m_minimized_10225_uff_E=180.68,-5.0,15.272,12.554
1z2m_minimized_10225_uff_E=180.68,-4.8,21.002,18.637
1z2m_minimized_14982_uff_E=1189.01,-8.5,0.0,0.0
1z2m_minimized_14982_uff_E=1189.01,-8.4,13.202,5.245
1z2m_minimized_14982_uff_E=1189.01,-8.2,13.093,5.214
1z2m_minimized_14982_uff_E=1189.01,-8.1,2.027,1.065
1z2m_minimized_14982_uff_E=1189.01,-7.9,5.766,3.413
1z2m_minimized_14982_uff_E=1189.01,-7.8,15.682,7.293
1z2m_minimized_14982_uff_E=1189.01,-7.8,13.581,5.677
1z2m_minimized_14982_uff_E=1189.01,-7.7,13.999,8.989
1z2m_minimized_14982_uff_E=1189.01,-7.6,13.248,4.856
1z2m_minimized_35370_uff_E=421.42,-5.1,0.0,0.0
1z2m_minimized_35370_uff_E=421.42,-5.1,9.624,7.092
1z2m_minimized_35370_uff_E=421.42,-5.0,2.081,1.791
1z2m_minimized_35370_uff_E=421.42,-5.0,15.299,13.34
1z2m_minimized_35370_uff_E=421.42,-5.0,10.481,9.205
1z2m_minimized_35370_uff_E=421.42,-4.9,10.025,8.299
1z2m_minimized_35370_uff_E=421.42,-4.9,14.58,13.745
1z2m_minimized_35370_uff_E=421.42,-4.9,12.033,8.028
1z2m_minimized_35370_uff_E=421.42,-4.8,14.274,12.623
1z2m_minimized_60825_uff_E=215.22,-4.9,0.0,0.0
1z2m_minimized_60825_uff_E=215.22,-4.8,12.09,10.583
1z2m_minimized_60825_uff_E=215.22,-4.8,5.61,4.316
1z2m_minimized_60825_uff_E=215.22,-4.5,13.007,11.856
1z2m_minimized_60825_uff_E=215.22,-4.5,12.198,10.497
1z2m_minimized_60825_uff_E=215.22,-4.5,4.366,3.059
1z2m_minimized_60825_uff_E=215.22,-4.4,11.723,10.108
1z2m_minimized_60825_uff_E=215.22,-4.4,16.713,15.234
1z2m_minimized_60825_uff_E=215.22,-4.4,17.05,15.798
1z2m_minimized_60877_uff_E=210.66,-5.5,0.0,0.0
1z2m_minimized_60877_uff_E=210.66,-5.2,12.475,11.11
1z2m_minimized_60877_uff_E=210.66,-5.1,5.834,3.449
1z2m_minimized_60877_uff_E=210.66,-5.0,12.377,10.816
1z2m_minimized_60877_uff_E=210.66,-4.9,17.89,16.805
1z2m_minimized_60877_uff_E=210.66,-4.9,13.105,12.153
1z2m_minimized_60877_uff_E=210.66,-4.9,12.1,10.537
1z2m_minimized_60877_uff_E=210.66,-4.9,4.626,3.468
1z2m_minimized_60877_uff_E=210.66,-4.8,17.63,16.012
1z2m_minimized_64139_uff_E=1439.00,-6.3,0.0,0.0
1z2m_minimized_64139_uff_E=1439.00,-6.0,17.5,16.126
1z2m_minimized_64139_uff_E=1439.00,-6.0,18.571,16.092
1z2m_minimized_64139_uff_E=1439.00,-5.9,4.862,2.719
1z2m_minimized_64139_uff_E=1439.00,-5.7,17.897,15.82
1z2m_minimized_64139_uff_E=1439.00,-5.7,25.154,24.353
1z2m_minimized_64139_uff_E=1439.00,-5.7,18.716,16.791
1z2m_minimized_64139_uff_E=1439.00,-5.7,17.793,15.951
1z2m_minimized_64139_uff_E=1439.00,-5.6,16.384,14.845
1z2m_minimized_64143_uff_E=884.85,-7.0,0.0,0.0
1z2m_minimized_64143_uff_E=884.85,-6.9,7.101,4.047
1z2m_minimized_64143_uff_E=884.85,-6.7,2.431,1.447
1z2m_minimized_64143_uff_E=884.85,-6.7,15.875,11.042
1z2m_minimized_64143_uff_E=884.85,-6.5,12.684,8.289
1z2m_minimized_64143_uff_E=884.85,-6.5,18.816,13.793
1z2m_minimized_64143_uff_E=884.85,-6.4,17.172,11.699
1z2m_minimized_64143_uff_E=884.85,-6.4,7.01,3.041
1z2m_minimized_64143_uff_E=884.85,-6.1,17.959,12.383
1z2m_minimized_64945_uff_E=989.07,-7.4,0.0,0.0
1z2m_minimized_64945_uff_E=989.07,-7.3,20.813,18.795
1z2m_minimized_64945_uff_E=989.07,-7.2,7.155,3.53
1z2m_minimized_64945_uff_E=989.07,-7.0,19.532,16.315
1z2m_minimized_64945_uff_E=989.07,-7.0,8.743,5.471
1z2m_minimized_64945_uff_E=989.07,-6.9,8.567,5.472
1z2m_minimized_64945_uff_E=989.07,-6.9,22.631,18.662
1z2m_minimized_64945_uff_E=989.07,-6.8,22.086,19.009
1z2m_minimized_64945_uff_E=989.07,-6.7,19.989,16.431
1z2m_minimized_64971_uff_E=838.46,-7.6,0.0,0.0
1z2m_minimized_64971_uff_E=838.46,-7.2,7.916,5.393
1z2m_minimized_64971_uff_E=838.46,-7.1,7.85,4.05
1z2m_minimized_64971_uff_E=838.46,-7.0,13.173,9.111
1z2m_minimized_64971_uff_E=838.46,-6.8,20.729,16.242
1z2m_minimized_64971_uff_E=838.46,-6.6,19.012,16.371
1z2m_minimized_64971_uff_E=838.46,-6.6,21.352,18.107
1z2m_minimized_64971_uff_E=838.46,-6.5,19.669,15.151
1z2m_minimized_64971_uff_E=838.46,-6.5,6.419,3.533
1z2m_minimized_64981_uff_E=529.29,-5.7,0.0,0.0
1z2m_minimized_64981_uff_E=529.29,-5.6,18.343,15.589
1z2m_minimized_64981_uff_E=529.29,-5.6,19.163,16.102
1z2m_minimized_64981_uff_E=529.29,-5.6,18.542,15.435
1z2m_minimized_64981_uff_E=529.29,-5.6,11.077,6.078
1z2m_minimized_64981_uff_E=529.29,-5.5,16.752,14.011
1z2m_minimized_64981_uff_E=529.29,-5.5,14.523,11.169
1z2m_minimized_64981_uff_E=529.29,-5.4,17.89,14.922
1z2m_minimized_64981_uff_E=529.29,-5.4,18.245,15.056
1z2m_minimized_64982_uff_E=416.89,-7.6,0.0,0.0
1z2m_minimized_64982_uff_E=416.89,-7.4,3.042,1.939
1z2m_minimized_64982_uff_E=416.89,-7.4,11.836,10.228
1z2m_minimized_64982_uff_E=416.89,-7.2,9.943,6.787
1z2m_minimized_64982_uff_E=416.89,-7.1,5.479,3.376
1z2m_minimized_64982_uff_E=416.89,-7.1,9.81,6.936
1z2m_minimized_64982_uff_E=416.89,-7.1,14.109,11.334
1z2m_minimized_64982_uff_E=416.89,-7.1,8.686,2.715
1z2m_minimized_64982_uff_E=416.89,-7.0,13.629,11.211
1z2m_minimized_73204_uff_E=448.24,-7.1,0.0,0.0
1z2m_minimized_73204_uff_E=448.24,-7.1,6.988,3.722
1z2m_minimized_73204_uff_E=448.24,-6.9,9.926,4.189
1z2m_minimized_73204_uff_E=448.24,-6.8,7.521,2.449
1z2m_minimized_73204_uff_E=448.24,-6.7,6.155,3.835
1z2m_minimized_73204_uff_E=448.24,-6.6,1.72,1.136
1z2m_minimized_73204_uff_E=448.24,-6.4,11.131,6.069
1z2m_minimized_73204_uff_E=448.24,-6.4,8.01,2.557
1z2m_minimized_73204_uff_E=448.24,-6.3,13.627,10.02
1z2m_minimized_73641_uff_E=1015.47,-7.1,0.0,0.0
1z2m_minimized_73641_uff_E=1015.47,-6.9,17.966,13.996
1z2m_minimized_73641_uff_E=1015.47,-6.8,9.038,2.324
1z2m_minimized_73641_uff_E=1015.47,-6.8,14.277,10.458
1z2m_minimized_73641_uff_E=1015.47,-6.7,15.921,11.717
1z2m_minimized_73641_uff_E=1015.47,-6.6,14.901,12.733
1z2m_minimized_73641_uff_E=1015.47,-6.5,11.404,8.28
1z2m_minimized_73641_uff_E=1015.47,-6.5,8.944,2.909
1z2m_minimized_73641_uff_E=1015.47,-6.2,8.769,1.613
1z2m_minimized_91466_uff_E=514.36,-5.7,0.0,0.0
1z2m_minimized_91466_uff_E=514.36,-5.5,16.149,14.726
1z2m_minimized_91466_uff_E=514.36,-5.4,4.863,2.095
1z2m_minimized_91466_uff_E=514.36,-5.4,16.435,14.282
1z2m_minimized_91466_uff_E=514.36,-5.2,18.361,16.545
1z2m_minimized_91466_uff_E=514.36,-5.2,17.616,15.717
1z2m_minimized_91466_uff_E=514.36,-5.1,4.644,1.738
1z2m_minimized_91466_uff_E=514.36,-5.0,4.611,2.336
1z2m_minimized_91466_uff_E=514.36,-5.0,26.884,24.898
1z2m_minimized_92727_uff_E=686.30,-6.1,0.0,0.0
1z2m_minimized_92727_uff_E=686.30,-5.9,8.178,4.2
1z2m_minimized_92727_uff_E=686.30,-5.9,11.269,6.512
1z2m_minimized_92727_uff_E=686.30,-5.9,12.068,6.525
1z2m_minimized_92727_uff_E=686.30,-5.8,9.465,2.334
1z2m_minimized_92727_uff_E=686.30,-5.7,15.485,11.864
1z2m_minimized_92727_uff_E=686.30,-5.7,8.558,3.484
1z2m_minimized_92727_uff_E=686.30,-5.7,9.313,2.51
1z2m_minimized_92727_uff_E=686.30,-5.6,11.918,6.412
1z2m_minimized_92776_uff_E=175.95,-5.1,0.0,0.0
1z2m_minimized_92776_uff_E=175.95,-4.9,6.041,2.034
1z2m_minimized_92776_uff_E=175.95,-4.9,2.825,1.385
1z2m_minimized_92776_uff_E=175.95,-4.9,18.953,16.676
1z2m_minimized_92776_uff_E=175.95,-4.9,24.733,22.974
1z2m_minimized_92776_uff_E=175.95,-4.8,27.279,25.762
1z2m_minimized_92776_uff_E=175.95,-4.7,27.196,25.435
1z2m_minimized_92776_uff_E=175.95,-4.7,17.945,15.75
1z2m_minimized_92776_uff_E=175.95,-4.7,17.557,15.822
1z2m_minimized_108130_uff_E=1039.75,-6.1,0.0,0.0
1z2m_minimized_108130_uff_E=1039.75,-6.1,6.352,2.337
1z2m_minimized_108130_uff_E=1039.75,-5.6,5.562,2.146
1z2m_minimized_108130_uff_E=1039.75,-5.6,5.664,2.165
1z2m_minimized_108130_uff_E=1039.75,-5.4,20.252,16.803
1z2m_minimized_108130_uff_E=1039.75,-5.3,20.211,15.957
1z2m_minimized_108130_uff_E=1039.75,-5.3,20.116,16.062
1z2m_minimized_108130_uff_E=1039.75,-5.1,20.863,18.602
1z2m_minimized_108130_uff_E=1039.75,-5.1,13.065,9.385
1z2m_minimized_148192_uff_E=664.93,-6.5,0.0,0.0
1z2m_minimized_148192_uff_E=664.93,-6.5,10.117,4.701
1z2m_minimized_148192_uff_E=664.93,-6.5,10.756,5.592
1z2m_minimized_148192_uff_E=664.93,-6.3,8.445,2.852
1z2m_minimized_148192_uff_E=664.93,-6.3,2.293,1.377
1z2m_minimized_148192_uff_E=664.93,-6.2,14.627,8.639
1z2m_minimized_148192_uff_E=664.93,-6.1,10.06,4.355
1z2m_minimized_148192_uff_E=664.93,-6.1,2.373,1.508
1z2m_minimized_148192_uff_E=664.93,-6.1,12.663,6.835
1z2m_minimized_190453_uff_E=772.09,-7.9,0.0,0.0
1z2m_minimized_190453_uff_E=772.09,-7.8,4.856,3.863
1z2m_minimized_190453_uff_E=772.09,-7.7,11.523,8.657
1z2m_minimized_190453_uff_E=772.09,-7.7,10.271,7.0
1z2m_minimized_190453_uff_E=772.09,-7.7,9.683,5.195
1z2m_minimized_190453_uff_E=772.09,-7.6,10.898,3.91
1z2m_minimized_190453_uff_E=772.09,-7.6,7.659,4.473
1z2m_minimized_190453_uff_E=772.09,-7.4,11.205,6.329
1z2m_minimized_190453_uff_E=772.09,-7.4,11.741,7.22
1z2m_minimized_213039_uff_E=1026.36,-7.0,0.0,0.0
1z2m_minimized_213039_uff_E=1026.36,-6.8,12.166,8.539
1z2m_minimized_213039_uff_E=1026.36,-6.8,12.914,8.718
1z2m_minimized_213039_uff_E=1026.36,-6.7,10.342,6.571
1z2m_minimized_213039_uff_E=1026.36,-6.7,10.531,2.539
1z2m_minimized_213039_uff_E=1026.36,-6.6,14.503,10.647
1z2m_minimized_213039_uff_E=1026.36,-6.6,9.691,5.977
1z2m_minimized_213039_uff_E=1026.36,-6.6,12.387,8.421
1z2m_minimized_213039_uff_E=1026.36,-6.5,10.587,4.939
1z2m_minimized_222284_uff_E=685.30,-6.2,0.0,0.0
1z2m_minimized_222284_uff_E=685.30,-6.1,15.223,13.122
1z2m_minimized_222284_uff_E=685.30,-6.1,15.19,12.163
1z2m_minimized_222284_uff_E=685.30,-5.8,3.671,2.015
1z2m_minimized_222284_uff_E=685.30,-5.8,15.861,13.657
1z2m_minimized_222284_uff_E=685.30,-5.8,3.886,1.578
1z2m_minimized_222284_uff_E=685.30,-5.7,17.269,14.392
1z2m_minimized_222284_uff_E=685.30,-5.6,9.523,3.304
1z2m_minimized_222284_uff_E=685.30,-5.6,17.622,13.639
1z2m_minimized_392622_uff_E=1086.08,-6.5,0.0,0.0
1z2m_minimized_392622_uff_E=1086.08,-6.2,2.046,1.614
1z2m_minimized_392622_uff_E=1086.08,-6.2,11.928,6.506
1z2m_minimized_392622_uff_E=1086.08,-6.1,10.3,4.337
1z2m_minimized_392622_uff_E=1086.08,-6.1,11.172,5.731
1z2m_minimized_392622_uff_E=1086.08,-6.1,5.096,2.37
1z2m_minimized_392622_uff_E=1086.08,-6.0,10.923,4.987
1z2m_minimized_392622_uff_E=1086.08,-6.0,12.164,7.349
1z2m_minimized_392622_uff_E=1086.08,-5.9,8.927,4.816
1z2m_minimized_441243_uff_E=910.05,-8.0,0.0,0.0
1z2m_minimized_441243_uff_E=910.05,-8.0,10.202,2.022
1z2m_minimized_441243_uff_E=910.05,-8.0,9.381,5.246
1z2m_minimized_441243_uff_E=910.05,-7.8,9.452,3.847
1z2m_minimized_441243_uff_E=910.05,-7.7,4.245,2.43
1z2m_minimized_441243_uff_E=910.05,-7.7,7.157,3.284
1z2m_minimized_441243_uff_E=910.05,-7.6,5.076,2.135
1z2m_minimized_441243_uff_E=910.05,-7.6,10.305,3.913
1z2m_minimized_441243_uff_E=910.05,-7.6,10.042,2.503
1z2m_minimized_441300_uff_E=1814.10,-6.1,0.0,0.0
1z2m_minimized_441300_uff_E=1814.10,-5.8,7.854,3.785
1z2m_minimized_441300_uff_E=1814.10,-5.7,12.107,9.102
1z2m_minimized_441300_uff_E=1814.10,-5.6,28.727,26.815
1z2m_minimized_441300_uff_E=1814.10,-5.6,23.98,21.96
1z2m_minimized_441300_uff_E=1814.10,-5.5,14.696,13.082
1z2m_minimized_441300_uff_E=1814.10,-5.5,10.188,5.936
1z2m_minimized_441300_uff_E=1814.10,-5.4,8.336,5.49
1z2m_minimized_441300_uff_E=1814.10,-5.4,22.926,21.61
1z2m_minimized_443716_uff_E=707.50,-7.2,0.0,0.0
1z2m_minimized_443716_uff_E=707.50,-7.0,18.157,16.761
1z2m_minimized_443716_uff_E=707.50,-7.0,14.664,14.045
1z2m_minimized_443716_uff_E=707.50,-6.9,9.748,6.274
1z2m_minimized_443716_uff_E=707.50,-6.9,14.484,13.156
1z2m_minimized_443716_uff_E=707.50,-6.8,14.93,14.009
1z2m_minimized_443716_uff_E=707.50,-6.7,9.529,7.655
1z2m_minimized_443716_uff_E=707.50,-6.7,13.272,12.61
1z2m_minimized_443716_uff_E=707.50,-6.7,3.321,1.836
1z2m_minimized_444972_uff_E=22.84,-4.0,0.0,0.0
1z2m_minimized_444972_uff_E=22.84,-3.9,4.408,1.642
1z2m_minimized_444972_uff_E=22.84,-3.9,4.202,0.562
1z2m_minimized_444972_uff_E=22.84,-3.8,1.978,1.618
1z2m_minimized_444972_uff_E=22.84,-3.8,14.501,13.463
1z2m_minimized_444972_uff_E=22.84,-3.6,18.637,16.011
1z2m_minimized_444972_uff_E=22.84,-3.5,18.136,16.056
1z2m_minimized_444972_uff_E=22.84,-3.5,14.51,13.515
1z2m_minimized_444972_uff_E=22.84,-3.4,23.732,22.844
1z2m_minimized_445154_uff_E=152.12,-6.0,0.0,0.0
1z2m_minimized_445154_uff_E=152.12,-6.0,2.391,0.701
1z2m_minimized_445154_uff_E=152.12,-5.7,2.328,1.391
1z2m_minimized_445154_uff_E=152.12,-5.6,25.376,24.265
1z2m_minimized_445154_uff_E=152.12,-5.6,25.367,24.288
1z2m_minimized_445154_uff_E=152.12,-5.5,19.874,17.614
1z2m_minimized_445154_uff_E=152.12,-5.5,22.728,20.857
1z2m_minimized_445154_uff_E=152.12,-5.3,32.081,30.445
1z2m_minimized_445154_uff_E=152.12,-5.3,20.915,18.26
1z2m_minimized_969516_uff_E=234.87,-5.6,0.0,0.0
1z2m_minimized_969516_uff_E=234.87,-5.6,18.606,16.127
1z2m_minimized_969516_uff_E=234.87,-5.5,7.108,1.688
1z2m_minimized_969516_uff_E=234.87,-5.4,3.734,2.072
1z2m_minimized_969516_uff_E=234.87,-5.4,14.127,9.93
1z2m_minimized_969516_uff_E=234.87,-5.3,6.173,1.7
1z2m_minimized_969516_uff_E=234.87,-5.3,18.116,14.296
1z2m_minimized_969516_uff_E=234.87,-5.3,9.122,5.077
1z2m_minimized_969516_uff_E=234.87,-5.3,7.575,3.904
1z2m_minimized_1794427_uff_E=402.31,-6.6,0.0,0.0
1z2m_minimized_1794427_uff_E=402.31,-6.4,13.658,10.795
1z2m_minimized_1794427_uff_E=402.31,-6.4,2.093,1.582
1z2m_minimized_1794427_uff_E=402.31,-6.3,9.271,5.514
1z2m_minimized_1794427_uff_E=402.31,-6.2,13.222,8.953
1z2m_minimized_1794427_uff_E=402.31,-6.2,10.037,5.705
1z2m_minimized_1794427_uff_E=402.31,-6.1,2.887,1.826
1z2m_minimized_1794427_uff_E=402.31,-6.1,10.43,5.383
1z2m_minimized_1794427_uff_E=402.31,-6.1,15.222,11.006
1z2m_minimized_5277135_uff_E=444.79,-6.6,0.0,0.0
1z2m_minimized_5277135_uff_E=444.79,-6.3,9.699,7.162
1z2m_minimized_5277135_uff_E=444.79,-6.2,10.471,5.757
1z2m_minimized_5277135_uff_E=444.79,-6.1,3.387,2.422
1z2m_minimized_5277135_uff_E=444.79,-6.1,14.685,11.117
1z2m_minimized_5277135_uff_E=444.79,-6.0,7.749,4.306
1z2m_minimized_5277135_uff_E=444.79,-6.0,19.04,15.574
1z2m_minimized_5277135_uff_E=444.79,-5.9,10.663,6.273
1z2m_minimized_5277135_uff_E=444.79,-5.9,6.109,3.844
1z2m_minimized_5280343_uff_E=233.55,-6.5,0.0,0.0
1z2m_minimized_5280343_uff_E=233.55,-6.1,3.338,1.423
1z2m_minimized_5280343_uff_E=233.55,-6.1,9.413,5.187
1z2m_minimized_5280343_uff_E=233.55,-6.0,12.506,8.771
1z2m_minimized_5280343_uff_E=233.55,-6.0,12.925,9.216
1z2m_minimized_5280343_uff_E=233.55,-6.0,6.71,1.561
1z2m_minimized_5280343_uff_E=233.55,-5.9,7.151,3.437
1z2m_minimized_5280343_uff_E=233.55,-5.8,13.08,10.591
1z2m_minimized_5280343_uff_E=233.55,-5.8,12.829,9.389
1z2m_minimized_5280443_uff_E=193.94,-6.6,0.0,0.0
1z2m_minimized_5280443_uff_E=193.94,-6.0,17.857,16.472
1z2m_minimized_5280443_uff_E=193.94,-6.0,8.587,4.582
1z2m_minimized_5280443_uff_E=193.94,-6.0,13.912,10.21
1z2m_minimized_5280443_uff_E=193.94,-5.9,13.473,11.489
1z2m_minimized_5280443_uff_E=193.94,-5.9,18.191,16.549
1z2m_minimized_5280443_uff_E=193.94,-5.8,25.1,24.127
1z2m_minimized_5280443_uff_E=193.94,-5.8,17.326,14.994
1z2m_minimized_5280443_uff_E=193.94,-5.7,2.753,2.083
1z2m_minimized_5280445_uff_E=200.29,-6.6,0.0,0.0
1z2m_minimized_5280445_uff_E=200.29,-6.6,2.906,1.66
1z2m_minimized_5280445_uff_E=200.29,-6.3,12.737,9.06
1z2m_minimized_5280445_uff_E=200.29,-6.2,26.184,25.001
1z2m_minimized_5280445_uff_E=200.29,-6.1,12.009,9.869
1z2m_minimized_5280445_uff_E=200.29,-5.9,17.132,15.72
1z2m_minimized_5280445_uff_E=200.29,-5.7,24.937,23.923
1z2m_minimized_5280445_uff_E=200.29,-5.7,19.555,17.637
1z2m_minimized_5280445_uff_E=200.29,-5.7,17.156,14.929
1z2m_minimized_5280794_uff_E=639.28,-6.5,0.0,0.0
1z2m_minimized_5280794_uff_E=639.28,-6.4,14.592,11.207
1z2m_minimized_5280794_uff_E=639.28,-6.3,10.592,4.118
1z2m_minimized_5280794_uff_E=639.28,-6.3,3.214,2.272
1z2m_minimized_5280794_uff_E=639.28,-6.3,10.082,4.308
1z2m_minimized_5280794_uff_E=639.28,-6.2,15.766,11.892
1z2m_minimized_5280794_uff_E=639.28,-6.2,2.696,1.903
1z2m_minimized_5280794_uff_E=639.28,-6.0,15.901,12.827
1z2m_minimized_5280794_uff_E=639.28,-6.0,21.56,18.972
1z2m_minimized_5281614_uff_E=223.26,-6.4,0.0,0.0
1z2m_minimized_5281614_uff_E=223.26,-6.1,8.995,4.921
1z2m_minimized_5281614_uff_E=223.26,-6.0,7.85,5.001
1z2m_minimized_5281614_uff_E=223.26,-6.0,3.354,1.389
1z2m_minimized_5281614_uff_E=223.26,-5.9,14.066,10.28
1z2m_minimized_5281614_uff_E=223.26,-5.8,13.037,10.497
1z2m_minimized_5281614_uff_E=223.26,-5.8,8.816,4.906
1z2m_minimized_5281614_uff_E=223.26,-5.8,25.714,21.62
1z2m_minimized_5281614_uff_E=223.26,-5.6,6.324,4.069
1z2m_minimized_5281650_uff_E=457.07,-7.0,0.0,0.0
1z2m_minimized_5281650_uff_E=457.07,-6.8,7.464,5.196
1z2m_minimized_5281650_uff_E=457.07,-6.6,8.205,4.878
1z2m_minimized_5281650_uff_E=457.07,-6.4,11.472,6.268
1z2m_minimized_5281650_uff_E=457.07,-6.4,10.456,3.966
1z2m_minimized_5281650_uff_E=457.07,-6.0,11.867,9.721
1z2m_minimized_5281650_uff_E=457.07,-6.0,2.065,1.799
1z2m_minimized_5281650_uff_E=457.07,-5.9,17.494,15.012
1z2m_minimized_5281650_uff_E=457.07,-5.9,24.445,18.742
1z2m_minimized_5281855_uff_E=215.78,-7.0,0.0,0.0
1z2m_minimized_5281855_uff_E=215.78,-7.0,6.185,0.127
1z2m_minimized_5281855_uff_E=215.78,-6.6,14.433,11.108
1z2m_minimized_5281855_uff_E=215.78,-6.5,4.848,2.278
1z2m_minimized_5281855_uff_E=215.78,-6.4,3.319,1.696
1z2m_minimized_5281855_uff_E=215.78,-6.3,14.67,10.961
1z2m_minimized_5281855_uff_E=215.78,-6.3,4.866,1.195
1z2m_minimized_5281855_uff_E=215.78,-6.3,11.087,7.458
1z2m_minimized_5281855_uff_E=215.78,-6.3,10.151,7.424
1z2m_minimized_5318517_uff_E=520.93,-6.0,0.0,0.0
1z2m_minimized_5318517_uff_E=520.93,-5.9,3.333,1.852
1z2m_minimized_5318517_uff_E=520.93,-5.6,3.32,2.049
1z2m_minimized_5318517_uff_E=520.93,-5.6,14.762,12.004
1z2m_minimized_5318517_uff_E=520.93,-5.6,12.378,10.219
1z2m_minimized_5318517_uff_E=520.93,-5.6,16.219,13.329
1z2m_minimized_5318517_uff_E=520.93,-5.5,16.677,13.816
1z2m_minimized_5318517_uff_E=520.93,-5.5,16.812,14.198
1z2m_minimized_5318517_uff_E=520.93,-5.4,16.268,13.783
1z2m_minimized_5318561_uff_E=525.31,-6.5,0.0,0.0
1z2m_minimized_5318561_uff_E=525.31,-6.4,8.782,4.644
1z2m_minimized_5318561_uff_E=525.31,-6.3,2.173,1.48
1z2m_minimized_5318561_uff_E=525.31,-6.3,11.841,8.616
1z2m_minimized_5318561_uff_E=525.31,-6.2,7.252,2.743
1z2m_minimized_5318561_uff_E=525.31,-6.1,10.789,7.209
1z2m_minimized_5318561_uff_E=525.31,-6.1,7.492,2.229
1z2m_minimized_5318561_uff_E=525.31,-6.1,8.216,3.879
1z2m_minimized_5318561_uff_E=525.31,-6.0,12.426,7.777
1z2m_minimized_6052009_uff_E=293.79,-6.2,0.0,0.0
1z2m_minimized_6052009_uff_E=293.79,-6.2,10.63,4.703
1z2m_minimized_6052009_uff_E=293.79,-6.1,2.364,1.578
1z2m_minimized_6052009_uff_E=293.79,-6.1,9.841,3.303
1z2m_minimized_6052009_uff_E=293.79,-6.0,12.94,11.029
1z2m_minimized_6052009_uff_E=293.79,-5.9,8.369,2.327
1z2m_minimized_6052009_uff_E=293.79,-5.9,8.989,2.834
1z2m_minimized_6052009_uff_E=293.79,-5.9,9.052,4.099
1z2m_minimized_6052009_uff_E=293.79,-5.9,11.012,7.193
1z2m_minimized_6443484_uff_E=589.66,-8.0,0.0,0.0
1z2m_minimized_6443484_uff_E=589.66,-7.6,7.433,4.806
1z2m_minimized_6443484_uff_E=589.66,-7.5,5.671,4.059
1z2m_minimized_6443484_uff_E=589.66,-7.3,6.056,4.486
1z2m_minimized_6443484_uff_E=589.66,-7.3,4.231,3.315
1z2m_minimized_6443484_uff_E=589.66,-7.2,13.078,9.812
1z2m_minimized_6443484_uff_E=589.66,-7.2,4.085,2.921
1z2m_minimized_6443484_uff_E=589.66,-7.2,11.987,2.424
1z2m_minimized_6443484_uff_E=589.66,-7.2,12.641,2.169
1z2m_minimized_9848024_uff_E=694.18,-7.1,0.0,0.0
1z2m_minimized_9848024_uff_E=694.18,-6.9,2.253,1.096
1z2m_minimized_9848024_uff_E=694.18,-6.8,15.053,11.377
1z2m_minimized_9848024_uff_E=694.18,-6.8,13.802,11.487
1z2m_minimized_9848024_uff_E=694.18,-6.6,2.24,1.755
1z2m_minimized_9848024_uff_E=694.18,-6.6,14.26,10.904
1z2m_minimized_9848024_uff_E=694.18,-6.6,14.31,11.998
1z2m_minimized_9848024_uff_E=694.18,-6.5,3.434,2.095
1z2m_minimized_9848024_uff_E=694.18,-6.5,3.431,2.615
1z2m_minimized_10071695_uff_E=389.38,-7.1,0.0,0.0
1z2m_minimized_10071695_uff_E=389.38,-7.0,5.552,2.784
1z2m_minimized_10071695_uff_E=389.38,-6.9,2.663,1.597
1z2m_minimized_10071695_uff_E=389.38,-6.8,10.612,3.874
1z2m_minimized_10071695_uff_E=389.38,-6.8,4.344,2.124
1z2m_minimized_10071695_uff_E=389.38,-6.8,4.533,2.286
1z2m_minimized_10071695_uff_E=389.38,-6.7,3.402,1.959
1z2m_minimized_10071695_uff_E=389.38,-6.7,5.023,2.818
1z2m_minimized_10071695_uff_E=389.38,-6.7,5.51,3.004
1z2m_minimized_10455912_uff_E=637.99,-7.1,0.0,0.0
1z2m_minimized_10455912_uff_E=637.99,-7.1,22.843,18.506
1z2m_minimized_10455912_uff_E=637.99,-7.0,6.127,1.907
1z2m_minimized_10455912_uff_E=637.99,-7.0,9.097,0.243
1z2m_minimized_10455912_uff_E=637.99,-6.9,23.657,19.532
1z2m_minimized_10455912_uff_E=637.99,-6.9,29.182,25.066
1z2m_minimized_10455912_uff_E=637.99,-6.8,7.316,1.909
1z2m_minimized_10455912_uff_E=637.99,-6.7,9.601,5.667
1z2m_minimized_10455912_uff_E=637.99,-6.7,8.695,4.812
1z2m_minimized_12313376_uff_E=1227.08,-7.0,0.0,0.0
1z2m_minimized_12313376_uff_E=1227.08,-6.8,16.397,13.463
1z2m_minimized_12313376_uff_E=1227.08,-6.8,17.172,13.908
1z2m_minimized_12313376_uff_E=1227.08,-6.6,7.792,1.781
1z2m_minimized_12313376_uff_E=1227.08,-6.6,17.371,14.004
1z2m_minimized_12313376_uff_E=1227.08,-6.5,8.714,6.302
1z2m_minimized_12313376_uff_E=1227.08,-6.5,7.779,4.911
1z2m_minimized_12313376_uff_E=1227.08,-6.4,17.309,14.945
1z2m_minimized_12313376_uff_E=1227.08,-6.4,9.938,4.751
1z2m_minimized_15144051_uff_E=260.17,-4.6,0.0,0.0
1z2m_minimized_15144051_uff_E=260.17,-4.6,2.955,1.047
1z2m_minimized_15144051_uff_E=260.17,-4.4,16.189,14.106
1z2m_minimized_15144051_uff_E=260.17,-4.4,3.422,1.406
1z2m_minimized_15144051_uff_E=260.17,-4.4,14.829,13.208
1z2m_minimized_15144051_uff_E=260.17,-4.4,3.282,1.696
1z2m_minimized_15144051_uff_E=260.17,-4.3,15.852,13.934
1z2m_minimized_15144051_uff_E=260.17,-4.2,12.831,10.965
1z2m_minimized_15144051_uff_E=260.17,-4.1,19.809,18.534
1z2m_minimized_25158096_uff_E=1212.98,-8.3,0.0,0.0
1z2m_minimized_25158096_uff_E=1212.98,-8.3,5.849,2.845
1z2m_minimized_25158096_uff_E=1212.98,-8.1,5.698,2.326
1z2m_minimized_25158096_uff_E=1212.98,-7.8,3.327,2.081
1z2m_minimized_25158096_uff_E=1212.98,-7.7,13.564,9.577
1z2m_minimized_25158096_uff_E=1212.98,-7.6,9.601,4.976
1z2m_minimized_25158096_uff_E=1212.98,-7.5,14.07,9.979
1z2m_minimized_25158096_uff_E=1212.98,-7.4,6.259,4.49
1z2m_minimized_25158096_uff_E=1212.98,-7.3,10.656,2.962
1z2m_minimized_44178752_uff_E=1099.96,-7.1,0.0,0.0
1z2m_minimized_44178752_uff_E=1099.96,-6.9,11.917,6.836
1z2m_minimized_44178752_uff_E=1099.96,-6.7,9.284,4.746
1z2m_minimized_44178752_uff_E=1099.96,-6.5,4.715,1.439
1z2m_minimized_44178752_uff_E=1099.96,-6.5,11.1,4.825
1z2m_minimized_44178752_uff_E=1099.96,-6.3,10.644,3.312
1z2m_minimized_44178752_uff_E=1099.96,-6.2,10.146,3.642
1z2m_minimized_44178752_uff_E=1099.96,-6.2,11.929,7.893
1z2m_minimized_44178752_uff_E=1099.96,-6.2,10.203,3.148
1z2m_minimized_54671008_uff_E=641.01,-7.6,0.0,0.0
1z2m_minimized_54671008_uff_E=641.01,-7.5,3.37,2.331
1z2m_minimized_54671008_uff_E=641.01,-7.3,3.719,2.704
1z2m_minimized_54671008_uff_E=641.01,-7.3,5.031,3.932
1z2m_minimized_54671008_uff_E=641.01,-7.3,9.351,5.439
1z2m_minimized_54671008_uff_E=641.01,-7.3,8.938,6.453
1z2m_minimized_54671008_uff_E=641.01,-7.3,24.905,21.885
1z2m_minimized_54671008_uff_E=641.01,-7.2,10.633,7.134
1z2m_minimized_54671008_uff_E=641.01,-7.1,9.747,6.609
1z2m_minimized_54682461_uff_E=924.92,-7.7,0.0,0.0
1z2m_minimized_54682461_uff_E=924.92,-7.1,2.546,1.545
1z2m_minimized_54682461_uff_E=924.92,-7.0,11.471,6.2
1z2m_minimized_54682461_uff_E=924.92,-6.9,11.712,6.541
1z2m_minimized_54682461_uff_E=924.92,-6.7,10.148,5.21
1z2m_minimized_54682461_uff_E=924.92,-6.5,14.557,10.24
1z2m_minimized_54682461_uff_E=924.92,-6.5,2.346,1.194
1z2m_minimized_54682461_uff_E=924.92,-6.5,12.705,8.262
1z2m_minimized_54682461_uff_E=924.92,-6.4,12.688,8.332
1z2m_minimized_60208818_uff_E=794.91,-8.0,0.0,0.0
1z2m_minimized_60208818_uff_E=794.91,-7.9,12.183,3.327
1z2m_minimized_60208818_uff_E=794.91,-7.9,12.197,1.08
1z2m_minimized_60208818_uff_E=794.91,-7.8,5.466,3.572
1z2m_minimized_60208818_uff_E=794.91,-7.8,11.971,8.001
1z2m_minimized_60208818_uff_E=794.91,-7.7,14.587,9.312
1z2m_minimized_60208818_uff_E=794.91,-7.6,3.961,2.083
1z2m_minimized_60208818_uff_E=794.91,-7.5,12.544,1.291
1z2m_minimized_60208818_uff_E=794.91,-7.4,11.802,4.943
1z2m_minimized_71308174_uff_E=313.38,-5.7,0.0,0.0
1z2m_minimized_71308174_uff_E=313.38,-5.7,5.626,1.865
1z2m_minimized_71308174_uff_E=313.38,-5.6,2.026,1.476
1z2m_minimized_71308174_uff_E=313.38,-5.6,15.626,13.103
1z2m_minimized_71308174_uff_E=313.38,-5.5,4.95,2.062
1z2m_minimized_71308174_uff_E=313.38,-5.5,14.193,9.511
1z2m_minimized_71308174_uff_E=313.38,-5.3,12.928,9.026
1z2m_minimized_71308174_uff_E=313.38,-5.3,4.074,1.359
1z2m_minimized_71308174_uff_E=313.38,-5.3,14.808,11.031
1z2m_minimized_90311989_uff_E=653.71,-7.8,0.0,0.0
1z2m_minimized_90311989_uff_E=653.71,-7.6,8.015,5.216
1z2m_minimized_90311989_uff_E=653.71,-7.2,12.568,10.44
1z2m_minimized_90311989_uff_E=653.71,-7.1,2.368,1.565
1z2m_minimized_90311989_uff_E=653.71,-7.0,15.404,14.123
1z2m_minimized_90311989_uff_E=653.71,-7.0,8.115,5.419
1z2m_minimized_90311989_uff_E=653.71,-7.0,13.243,9.705
1z2m_minimized_90311989_uff_E=653.71,-6.9,14.143,12.653
1z2m_minimized_90311989_uff_E=653.71,-6.9,3.603,1.999
1z2m_minimized_135398513_uff_E=384.11,-5.0,0.0,0.0
1z2m_minimized_135398513_uff_E=384.11,-4.9,27.878,26.238
1z2m_minimized_135398513_uff_E=384.11,-4.8,9.871,8.387
1z2m_minimized_135398513_uff_E=384.11,-4.8,28.193,26.35
1z2m_minimized_135398513_uff_E=384.11,-4.7,9.422,7.586
1z2m_minimized_135398513_uff_E=384.11,-4.7,23.915,23.369
1z2m_minimized_135398513_uff_E=384.11,-4.6,9.97,8.158
1z2m_minimized_135398513_uff_E=384.11,-4.6,5.135,3.774
1z2m_minimized_135398513_uff_E=384.11,-4.6,2.769,1.759
1z2m_minimized_135398739_uff_E=576.04,-5.5,0.0,0.0
1z2m_minimized_135398739_uff_E=576.04,-5.4,5.416,3.13
1z2m_minimized_135398739_uff_E=576.04,-5.3,16.951,15.459
1z2m_minimized_135398739_uff_E=576.04,-5.2,29.022,27.495
1z2m_minimized_135398739_uff_E=576.04,-5.1,28.892,27.228
1z2m_minimized_135398739_uff_E=576.04,-5.1,13.89,11.895
1z2m_minimized_135398739_uff_E=576.04,-5.1,19.573,17.686
1z2m_minimized_135398739_uff_E=576.04,-5.1,7.143,5.146
1z2m_minimized_135398739_uff_E=576.04,-5.0,17.3,15.701
1z2m_minimized_3220_uff_E=168.34,-6.5,0.0,0.0
1z2m_minimized_3220_uff_E=168.34,-6.2,29.105,25.46
1z2m_minimized_3220_uff_E=168.34,-6.2,3.81,1.549
1z2m_minimized_3220_uff_E=168.34,-6.1,6.36,1.551
1z2m_minimized_3220_uff_E=168.34,-5.9,10.756,7.582
1z2m_minimized_3220_uff_E=168.34,-5.9,11.667,7.659
1z2m_minimized_3220_uff_E=168.34,-5.7,5.348,1.872
1z2m_minimized_3220_uff_E=168.34,-5.7,6.005,1.784
1z2m_minimized_3220_uff_E=168.34,-5.7,23.614,22.717
