#node1	node2	node1_string_id	node2_string_id	neighborhood_on_chromosome	gene_fusion	phylogenetic_cooccurrence	homology	coexpression	experimentally_determined_interaction	database_annotated	automated_textmining	combined_score
AIM2	USP18	9606.ENSP00000357112	9606.ENSP00000215794	0	0	0	0	0.083	0	0	0.204	0.238
AIM2	CD38	9606.ENSP00000357112	9606.ENSP00000226279	0	0	0	0	0.136	0	0	0.103	0.191
AIM2	OAS3	9606.ENSP00000357112	9606.ENSP00000228928	0	0	0	0	0.135	0	0	0.246	0.320
AIM2	TNFSF10	9606.ENSP00000357112	9606.ENSP00000241261	0	0	0	0	0.162	0	0	0.222	0.320
AIM2	KYNU	9606.ENSP00000357112	9606.ENSP00000264170	0	0	0	0	0.083	0	0	0.113	0.152
AIM2	FCGR2A	9606.ENSP00000357112	9606.ENSP00000271450	0	0	0	0	0.117	0	0	0.187	0.252
AIM2	APOL1	9606.ENSP00000357112	9606.ENSP00000317674	0	0	0	0	0.180	0	0	0.163	0.284
AIM2	ARL4D	9606.ENSP00000357112	9606.ENSP00000322628	0	0	0	0	0	0.045	0	0.148	0.152
AIM2	IFI6	9606.ENSP00000357112	9606.ENSP00000342513	0	0	0	0	0.078	0	0	0.275	0.303
AIM2	C5AR1	9606.ENSP00000357112	9606.ENSP00000347197	0	0	0	0	0.064	0	0	0.166	0.186
AIM2	STAT1	9606.ENSP00000357112	9606.ENSP00000354394	0	0	0	0	0.168	0	0	0.474	0.544
AIM2	XAF1	9606.ENSP00000357112	9606.ENSP00000354822	0	0	0	0	0.191	0	0	0.201	0.326
AIM2	ALOX5	9606.ENSP00000357112	9606.ENSP00000363512	0	0	0	0	0.095	0	0	0.108	0.158
AIM2	CD1D	9606.ENSP00000357112	9606.ENSP00000501245	0	0	0	0	0.062	0	0	0.146	0.164
AIM2	IFI27	9606.ENSP00000357112	9606.ENSP00000483430	0	0	0	0	0.066	0	0	0.194	0.215
AIM2	IFI44	9606.ENSP00000357112	9606.ENSP00000359783	0	0	0	0	0.134	0	0	0.202	0.279
AIM2	IFI44L	9606.ENSP00000357112	9606.ENSP00000359787	0	0	0	0	0.149	0	0	0.201	0.290
AIM2	BCL2	9606.ENSP00000357112	9606.ENSP00000381185	0	0	0	0	0.060	0	0	0.292	0.306
AIM2	DDX60	9606.ENSP00000357112	9606.ENSP00000377344	0	0	0	0	0.128	0	0	0.311	0.373
AIM2	IFIT1	9606.ENSP00000357112	9606.ENSP00000360869	0	0	0	0	0.094	0	0	0.370	0.405
AIM2	ISG15	9606.ENSP00000357112	9606.ENSP00000496832	0	0	0	0	0.120	0	0	0.370	0.422
AIM2	MX1	9606.ENSP00000357112	9606.ENSP00000381601	0	0	0	0	0.121	0	0	0.372	0.425
AIM2	OAS1	9606.ENSP00000357112	9606.ENSP00000388001	0	0	0	0	0.160	0	0	0.351	0.431
AIM2	RSAD2	9606.ENSP00000357112	9606.ENSP00000371471	0	0	0	0	0.153	0	0	0.370	0.444
AIM2	TREX1	9606.ENSP00000357112	9606.ENSP00000486676	0	0	0	0	0.088	0	0	0.447	0.474
AIM2	BTK	9606.ENSP00000357112	9606.ENSP00000483570	0	0	0	0	0.106	0	0	0.472	0.507
ALOX5	CD38	9606.ENSP00000363512	9606.ENSP00000226279	0	0	0	0	0.067	0	0	0.160	0.182
ALOX5	TNFSF10	9606.ENSP00000363512	9606.ENSP00000241261	0	0	0	0	0.133	0	0	0.132	0.215
ALOX5	SQLE	9606.ENSP00000363512	9606.ENSP00000265896	0	0	0	0	0.055	0	0.099	0.194	0.253
ALOX5	FCGR2A	9606.ENSP00000363512	9606.ENSP00000271450	0	0	0	0	0.254	0	0	0.117	0.313
ALOX5	HNMT	9606.ENSP00000363512	9606.ENSP00000280097	0	0	0	0	0.049	0	0	0.174	0.181
ALOX5	C5AR1	9606.ENSP00000363512	9606.ENSP00000347197	0	0	0	0	0.139	0	0	0.411	0.471
ALOX5	STAT1	9606.ENSP00000363512	9606.ENSP00000354394	0	0	0	0	0.103	0	0	0.231	0.280
ALOX5	XAF1	9606.ENSP00000363512	9606.ENSP00000354822	0	0	0	0	0.099	0.066	0	0.091	0.168
ALOX5	TTK	9606.ENSP00000363512	9606.ENSP00000358813	0	0	0	0	0	0	0	0.245	0.245
ALOX5	IL13RA1	9606.ENSP00000363512	9606.ENSP00000360730	0	0	0	0	0.138	0	0	0.100	0.191
ALOX5	GAS7	9606.ENSP00000363512	9606.ENSP00000407552	0	0	0	0	0.084	0.070	0	0.103	0.169
ALOX5	CFD	9606.ENSP00000363512	9606.ENSP00000468253	0	0	0	0	0.136	0.053	0	0.076	0.178
ALOX5	NADK	9606.ENSP00000363512	9606.ENSP00000367890	0	0	0	0	0.134	0	0	0.110	0.196
ALOX5	GIMAP4	9606.ENSP00000363512	9606.ENSP00000419545	0	0	0	0	0.213	0.045	0	0.052	0.225
ALOX5	CDKN1A	9606.ENSP00000363512	9606.ENSP00000384849	0	0	0	0	0.083	0	0	0.191	0.228
ALOX5	LILRA2	9606.ENSP00000363512	9606.ENSP00000375618	0	0	0	0	0.194	0	0	0.098	0.243
ALOX5	MX1	9606.ENSP00000363512	9606.ENSP00000381601	0	0	0	0	0.160	0.092	0	0.108	0.260
ALOX5	BTK	9606.ENSP00000363512	9606.ENSP00000483570	0	0	0	0	0.216	0.066	0	0.134	0.310
ALOX5	BCL2	9606.ENSP00000363512	9606.ENSP00000381185	0	0	0	0	0.067	0	0	0.329	0.347
ALOX5	CD1D	9606.ENSP00000363512	9606.ENSP00000501245	0	0	0	0	0.113	0	0	0.349	0.397
APOL1	USP18	9606.ENSP00000317674	9606.ENSP00000215794	0	0	0	0	0.193	0	0	0.067	0.216
APOL1	OAS3	9606.ENSP00000317674	9606.ENSP00000228928	0	0	0	0	0.140	0	0	0.115	0.206
APOL1	TNFSF10	9606.ENSP00000317674	9606.ENSP00000241261	0	0	0	0	0.208	0	0	0.157	0.303
APOL1	BUB1	9606.ENSP00000317674	9606.ENSP00000302530	0	0	0	0	0.104	0	0	0.102	0.160
APOL1	NADK	9606.ENSP00000317674	9606.ENSP00000367890	0	0	0	0	0.050	0	0	0.147	0.155
APOL1	LILRA2	9606.ENSP00000317674	9606.ENSP00000375618	0	0	0	0	0.060	0	0	0.147	0.164
APOL1	IFI44L	9606.ENSP00000317674	9606.ENSP00000359787	0	0	0	0	0.125	0	0	0.094	0.173
APOL1	MX1	9606.ENSP00000317674	9606.ENSP00000381601	0	0	0	0	0.115	0	0	0.106	0.175
APOL1	CFD	9606.ENSP00000317674	9606.ENSP00000468253	0	0	0	0	0.044	0	0	0.176	0.179
APOL1	ISG15	9606.ENSP00000317674	9606.ENSP00000496832	0	0	0	0	0.128	0.050	0	0.091	0.181
APOL1	IFIT1	9606.ENSP00000317674	9606.ENSP00000360869	0	0	0	0	0.129	0	0	0.104	0.187
APOL1	DDX60	9606.ENSP00000317674	9606.ENSP00000377344	0	0	0	0	0.196	0	0	0.052	0.205
APOL1	RSAD2	9606.ENSP00000317674	9606.ENSP00000371471	0	0	0	0	0.160	0	0	0.095	0.208
APOL1	XAF1	9606.ENSP00000317674	9606.ENSP00000354822	0	0	0	0	0.216	0	0	0.042	0.216
APOL1	IFI6	9606.ENSP00000317674	9606.ENSP00000342513	0	0	0	0	0.109	0.042	0	0.161	0.221
APOL1	IFI44	9606.ENSP00000317674	9606.ENSP00000359783	0	0	0	0	0.187	0	0	0.151	0.281
APOL1	STAT1	9606.ENSP00000317674	9606.ENSP00000354394	0	0	0	0	0.190	0	0	0.182	0.309
APOL1	OAS1	9606.ENSP00000317674	9606.ENSP00000388001	0	0	0	0	0.214	0	0	0.198	0.342
APOL1	ITGB3	9606.ENSP00000317674	9606.ENSP00000452786	0	0	0	0	0	0	0	0.421	0.420
APOL1	BCL2	9606.ENSP00000317674	9606.ENSP00000381185	0	0	0	0	0	0	0	0.482	0.482
ARID1A	HNMT	9606.ENSP00000320485	9606.ENSP00000280097	0	0	0	0	0	0	0	0.176	0.175
ARID1A	CD58	9606.ENSP00000320485	9606.ENSP00000358501	0	0	0	0	0.042	0	0	0.165	0.165
ARID1A	PRRC2C	9606.ENSP00000320485	9606.ENSP00000343629	0	0	0	0	0.162	0	0	0.051	0.171
ARID1A	ELK4	9606.ENSP00000320485	9606.ENSP00000350681	0	0	0	0	0.108	0	0	0.114	0.176
ARID1A	STAT1	9606.ENSP00000320485	9606.ENSP00000354394	0	0	0	0	0.049	0.072	0	0.165	0.198
ARID1A	BTK	9606.ENSP00000320485	9606.ENSP00000483570	0	0	0	0	0.047	0.056	0	0.223	0.239
ARID1A	GAS7	9606.ENSP00000320485	9606.ENSP00000407552	0	0	0	0	0.085	0.069	0	0.204	0.263
ARID1A	BCL2	9606.ENSP00000320485	9606.ENSP00000381185	0	0	0	0	0	0	0	0.349	0.349
ARID1A	CDKN1A	9606.ENSP00000320485	9606.ENSP00000384849	0	0	0	0	0	0	0	0.404	0.404
ARID1A	MEF2C	9606.ENSP00000320485	9606.ENSP00000340874	0	0	0	0	0	0	0	0.464	0.463
ARL4D	STK17A	9606.ENSP00000322628	9606.ENSP00000319192	0	0	0	0	0.065	0.107	0	0.064	0.151
ARL4D	TGFBI	9606.ENSP00000322628	9606.ENSP00000416330	0	0	0	0	0.058	0.048	0	0.138	0.160
ARL4D	RAB31	9606.ENSP00000322628	9606.ENSP00000461945	0	0	0	0	0	0.074	0	0.133	0.163
ARL4D	XAF1	9606.ENSP00000322628	9606.ENSP00000354822	0	0	0	0	0.074	0.110	0	0.074	0.171
ASPM	BUB1	9606.ENSP00000356379	9606.ENSP00000302530	0	0	0	0	0.907	0.111	0	0.741	0.976
ASPM	CD58	9606.ENSP00000356379	9606.ENSP00000358501	0	0	0	0	0.062	0	0	0.204	0.222
ASPM	CDKN1A	9606.ENSP00000356379	9606.ENSP00000384849	0	0	0	0	0	0	0	0.232	0.232
ASPM	NUSAP1	9606.ENSP00000356379	9606.ENSP00000499238	0	0	0	0	0.852	0	0	0.611	0.940
ASPM	TTK	9606.ENSP00000356379	9606.ENSP00000358813	0	0	0	0	0.912	0	0	0.530	0.957
BCL2	CD38	9606.ENSP00000381185	9606.ENSP00000226279	0	0	0	0	0.065	0	0	0.717	0.724
BCL2	TNFSF10	9606.ENSP00000381185	9606.ENSP00000241261	0	0	0	0	0.058	0	0	0.645	0.651
BCL2	EREG	9606.ENSP00000381185	9606.ENSP00000244869	0	0	0	0	0	0	0	0.201	0.201
BCL2	SMAD7	9606.ENSP00000381185	9606.ENSP00000262158	0	0	0	0	0.060	0	0	0.438	0.450
BCL2	FCGR2A	9606.ENSP00000381185	9606.ENSP00000271450	0	0	0	0	0.072	0	0	0.275	0.299
BCL2	HNMT	9606.ENSP00000381185	9606.ENSP00000280097	0	0	0	0	0	0	0	0.197	0.197
BCL2	BUB1	9606.ENSP00000381185	9606.ENSP00000302530	0	0	0	0	0	0	0	0.222	0.222
BCL2	RETREG1	9606.ENSP00000381185	9606.ENSP00000304642	0	0	0	0	0.074	0	0	0.166	0.194
BCL2	REST	9606.ENSP00000381185	9606.ENSP00000311816	0	0	0	0	0.042	0	0	0.188	0.188
BCL2	TNS3	9606.ENSP00000381185	9606.ENSP00000312143	0	0	0	0	0	0.057	0	0.148	0.162
BCL2	MEF2C	9606.ENSP00000381185	9606.ENSP00000340874	0	0	0	0	0.132	0	0	0.298	0.365
BCL2	IFI6	9606.ENSP00000381185	9606.ENSP00000342513	0	0	0	0	0	0	0	0.180	0.179
BCL2	C5AR1	9606.ENSP00000381185	9606.ENSP00000347197	0	0	0	0	0	0	0	0.197	0.197
BCL2	STAT1	9606.ENSP00000381185	9606.ENSP00000354394	0	0	0	0	0	0.056	0	0.605	0.611
BCL2	XAF1	9606.ENSP00000381185	9606.ENSP00000354822	0	0	0	0	0.056	0	0	0.292	0.303
BCL2	CR1	9606.ENSP00000381185	9606.ENSP00000356016	0	0	0	0	0.074	0	0	0.258	0.283
BCL2	CD58	9606.ENSP00000381185	9606.ENSP00000358501	0	0	0	0	0.051	0	0	0.301	0.309
BCL2	TTK	9606.ENSP00000381185	9606.ENSP00000358813	0	0	0	0	0	0	0	0.159	0.158
BCL2	IFI44	9606.ENSP00000381185	9606.ENSP00000359783	0	0	0	0	0.063	0.141	0	0.108	0.219
BCL2	IL13RA1	9606.ENSP00000381185	9606.ENSP00000360730	0	0	0	0	0.055	0	0	0.151	0.163
BCL2	IFIT1	9606.ENSP00000381185	9606.ENSP00000360869	0	0	0	0	0.044	0	0	0.184	0.186
BCL2	CLIC4	9606.ENSP00000381185	9606.ENSP00000363500	0	0	0	0	0	0	0	0.213	0.213
BCL2	TYMP	9606.ENSP00000381185	9606.ENSP00000379038	0	0	0	0	0.044	0	0	0.290	0.292
BCL2	ITGB1	9606.ENSP00000381185	9606.ENSP00000379350	0	0	0	0	0.083	0	0	0.644	0.659
BCL2	CFD	9606.ENSP00000381185	9606.ENSP00000468253	0	0	0	0	0.079	0	0	0.126	0.161
BCL2	OAS1	9606.ENSP00000381185	9606.ENSP00000388001	0	0	0	0	0	0	0	0.179	0.179
BCL2	TGFBI	9606.ENSP00000381185	9606.ENSP00000416330	0	0	0	0	0.062	0	0	0.180	0.197
BCL2	ISG15	9606.ENSP00000381185	9606.ENSP00000496832	0	0	0	0	0.047	0.066	0	0.225	0.249
BCL2	GIMAP4	9606.ENSP00000381185	9606.ENSP00000419545	0	0	0	0	0.068	0.051	0	0.331	0.356
BCL2	ITGB3	9606.ENSP00000381185	9606.ENSP00000452786	0	0	0	0	0.060	0	0	0.382	0.394
BCL2	MX1	9606.ENSP00000381185	9606.ENSP00000381601	0	0	0	0	0.062	0.118	0	0.331	0.398
BCL2	CD1D	9606.ENSP00000381185	9606.ENSP00000501245	0	0	0	0	0.058	0	0	0.394	0.404
BCL2	BTK	9606.ENSP00000381185	9606.ENSP00000483570	0	0	0	0	0.086	0	0	0.648	0.665
BCL2	CDKN1A	9606.ENSP00000381185	9606.ENSP00000384849	0	0	0	0	0.087	0	0	0.811	0.820
BTK	CD38	9606.ENSP00000483570	9606.ENSP00000226279	0	0	0	0	0.168	0	0	0.530	0.592
BTK	OAS3	9606.ENSP00000483570	9606.ENSP00000228928	0	0	0	0	0.104	0	0	0.103	0.162
BTK	TNFSF10	9606.ENSP00000483570	9606.ENSP00000241261	0	0	0	0	0.080	0	0	0.178	0.211
BTK	FCGR2A	9606.ENSP00000483570	9606.ENSP00000271450	0	0	0	0	0.200	0	0	0.411	0.508
BTK	MEF2C	9606.ENSP00000483570	9606.ENSP00000340874	0	0	0	0	0.253	0	0	0.147	0.336
BTK	C5AR1	9606.ENSP00000483570	9606.ENSP00000347197	0	0	0	0	0.098	0	0	0.160	0.210
BTK	STAT1	9606.ENSP00000483570	9606.ENSP00000354394	0	0	0	0	0.085	0.096	0	0.414	0.473
BTK	CR1	9606.ENSP00000483570	9606.ENSP00000356016	0	0	0	0	0.155	0.045	0	0.129	0.236
BTK	CD58	9606.ENSP00000483570	9606.ENSP00000358501	0	0	0	0	0.129	0.068	0	0.201	0.294
BTK	IFI44	9606.ENSP00000483570	9606.ENSP00000359783	0	0	0	0	0.123	0.102	0	0.082	0.214
BTK	IL13RA1	9606.ENSP00000483570	9606.ENSP00000360730	0	0	0	0	0.086	0	0	0.161	0.200
BTK	LILRA2	9606.ENSP00000483570	9606.ENSP00000375618	0	0	0	0	0.215	0.081	0	0	0.248
BTK	ITGB1	9606.ENSP00000483570	9606.ENSP00000379350	0	0	0	0	0.109	0.052	0	0.164	0.232
BTK	MX1	9606.ENSP00000483570	9606.ENSP00000381601	0	0	0	0	0.109	0.041	0	0.167	0.227
BTK	CDKN1A	9606.ENSP00000483570	9606.ENSP00000384849	0	0	0	0	0.055	0.047	0	0.201	0.217
BTK	OAS1	9606.ENSP00000483570	9606.ENSP00000388001	0	0	0	0	0.118	0	0	0.129	0.199
BTK	GAS7	9606.ENSP00000483570	9606.ENSP00000407552	0	0	0	0	0.074	0.071	0	0.093	0.151
BTK	TGFBI	9606.ENSP00000483570	9606.ENSP00000416330	0	0	0	0	0.089	0.070	0	0.078	0.152
BTK	GIMAP4	9606.ENSP00000483570	9606.ENSP00000419545	0	0	0	0	0.145	0.097	0	0.069	0.218
BTK	ITGB3	9606.ENSP00000483570	9606.ENSP00000452786	0	0	0	0	0.095	0.052	0	0.157	0.214
BTK	CFD	9606.ENSP00000483570	9606.ENSP00000468253	0	0	0	0	0.124	0.096	0	0	0.174
BTK	ISG15	9606.ENSP00000483570	9606.ENSP00000496832	0	0	0	0	0.042	0.092	0	0.146	0.193
BTK	CD1D	9606.ENSP00000483570	9606.ENSP00000501245	0	0	0	0	0.141	0	0	0.221	0.303
BUB1	SQLE	9606.ENSP00000302530	9606.ENSP00000265896	0	0	0	0	0.137	0	0	0.076	0.168
BUB1	STAT1	9606.ENSP00000302530	9606.ENSP00000354394	0	0	0	0	0.058	0	0	0.148	0.163
BUB1	IFIT1	9606.ENSP00000302530	9606.ENSP00000360869	0	0	0	0	0	0.142	0	0.085	0.181
BUB1	CDKN1A	9606.ENSP00000302530	9606.ENSP00000384849	0	0	0	0	0	0	0	0.328	0.328
BUB1	NUSAP1	9606.ENSP00000302530	9606.ENSP00000499238	0	0	0	0	0.858	0	0	0.575	0.937
BUB1	TTK	9606.ENSP00000302530	9606.ENSP00000358813	0	0	0	0	0.989	0.292	0	0.945	0.999
C5AR1	CD38	9606.ENSP00000347197	9606.ENSP00000226279	0	0	0	0	0	0	0	0.218	0.218
C5AR1	OAS3	9606.ENSP00000347197	9606.ENSP00000228928	0	0	0	0	0.067	0	0	0.126	0.151
C5AR1	TNFSF10	9606.ENSP00000347197	9606.ENSP00000241261	0	0	0	0	0.067	0	0	0.129	0.152
C5AR1	FCGR2A	9606.ENSP00000347197	9606.ENSP00000271450	0	0	0	0	0.260	0	0	0.637	0.719
C5AR1	IFI44	9606.ENSP00000347197	9606.ENSP00000359783	0	0	0	0	0.042	0.098	0	0.102	0.156
C5AR1	OAS1	9606.ENSP00000347197	9606.ENSP00000388001	0	0	0	0	0.088	0	0	0.131	0.174
C5AR1	IL13RA1	9606.ENSP00000347197	9606.ENSP00000360730	0	0	0	0	0.075	0	0	0.154	0.184
C5AR1	RSAD2	9606.ENSP00000347197	9606.ENSP00000371471	0	0	0	0	0.072	0	0	0.163	0.190
C5AR1	RAB31	9606.ENSP00000347197	9606.ENSP00000461945	0	0	0	0	0.180	0	0	0.057	0.193
C5AR1	CD58	9606.ENSP00000347197	9606.ENSP00000358501	0	0	0	0	0.082	0	0	0.157	0.193
C5AR1	MX1	9606.ENSP00000347197	9606.ENSP00000381601	0	0	0	0	0.088	0	0	0.153	0.194
C5AR1	ITGB3	9606.ENSP00000347197	9606.ENSP00000452786	0	0	0	0	0.081	0	0	0.178	0.213
C5AR1	STAT1	9606.ENSP00000347197	9606.ENSP00000354394	0	0	0	0	0.050	0	0	0.258	0.265
C5AR1	LILRA2	9606.ENSP00000347197	9606.ENSP00000375618	0	0	0	0	0.211	0.091	0	0.064	0.270
C5AR1	ITGB1	9606.ENSP00000347197	9606.ENSP00000379350	0	0	0	0	0.109	0	0	0.220	0.276
C5AR1	CFD	9606.ENSP00000347197	9606.ENSP00000468253	0	0	0	0	0.100	0.052	0	0.234	0.289
C5AR1	CD1D	9606.ENSP00000347197	9606.ENSP00000501245	0	0	0	0	0.072	0	0	0.408	0.427
C5AR1	CR1	9606.ENSP00000347197	9606.ENSP00000356016	0	0	0	0	0.185	0	0	0.724	0.765
CD1D	CD38	9606.ENSP00000501245	9606.ENSP00000226279	0	0	0	0	0.072	0	0	0.616	0.629
CD1D	TNFSF10	9606.ENSP00000501245	9606.ENSP00000241261	0	0	0	0	0.062	0	0	0.259	0.275
CD1D	FCGR2A	9606.ENSP00000501245	9606.ENSP00000271450	0	0	0	0	0.092	0	0	0.521	0.547
CD1D	PDZK1IP1	9606.ENSP00000501245	9606.ENSP00000294338	0	0	0	0	0	0	0	0.304	0.304
CD1D	STAT1	9606.ENSP00000501245	9606.ENSP00000354394	0	0	0	0	0.053	0	0	0.324	0.332
CD1D	CR1	9606.ENSP00000501245	9606.ENSP00000356016	0	0	0	0	0.101	0	0	0.587	0.613
CD1D	CD58	9606.ENSP00000501245	9606.ENSP00000358501	0	0	0	0	0.055	0	0	0.380	0.389
CD1D	IL13RA1	9606.ENSP00000501245	9606.ENSP00000360730	0	0	0	0	0.059	0	0	0.183	0.199
CD1D	LILRA2	9606.ENSP00000501245	9606.ENSP00000375618	0	0	0	0	0.084	0	0	0.181	0.217
CD1D	ITGB1	9606.ENSP00000501245	9606.ENSP00000379350	0	0	0	0	0.086	0	0	0.246	0.281
CD1D	MX1	9606.ENSP00000501245	9606.ENSP00000381601	0	0	0	0	0.051	0.054	0	0.223	0.241
CD1D	ITGB3	9606.ENSP00000501245	9606.ENSP00000452786	0	0	0	0	0	0	0	0.246	0.245
CD38	USP18	9606.ENSP00000226279	9606.ENSP00000215794	0	0	0	0	0.149	0	0	0.088	0.190
CD38	MEF2C	9606.ENSP00000226279	9606.ENSP00000340874	0	0	0	0	0.055	0	0	0.141	0.154
CD38	LILRA2	9606.ENSP00000226279	9606.ENSP00000375618	0	0	0	0	0.074	0	0	0.139	0.169
CD38	KYNU	9606.ENSP00000226279	9606.ENSP00000264170	0	0	0	0	0.059	0	0	0.179	0.194
CD38	OAS3	9606.ENSP00000226279	9606.ENSP00000228928	0	0	0	0	0.108	0	0	0.134	0.194
CD38	IFI6	9606.ENSP00000226279	9606.ENSP00000342513	0	0	0	0	0.072	0	0	0.174	0.200
CD38	IFIT1	9606.ENSP00000226279	9606.ENSP00000360869	0	0	0	0	0.072	0	0	0.187	0.213
CD38	XAF1	9606.ENSP00000226279	9606.ENSP00000354822	0	0	0	0	0.137	0	0	0.129	0.216
CD38	IFI27	9606.ENSP00000226279	9606.ENSP00000483430	0	0	0	0	0.080	0	0	0.194	0.226
CD38	IFI44	9606.ENSP00000226279	9606.ENSP00000359783	0	0	0	0	0.109	0	0	0.178	0.236
CD38	OAS1	9606.ENSP00000226279	9606.ENSP00000388001	0	0	0	0	0.110	0	0	0.180	0.238
CD38	CDKN1A	9606.ENSP00000226279	9606.ENSP00000384849	0	0	0	0	0.043	0	0	0.249	0.250
CD38	RSAD2	9606.ENSP00000226279	9606.ENSP00000371471	0	0	0	0	0.140	0	0	0.176	0.261
CD38	IFI44L	9606.ENSP00000226279	9606.ENSP00000359787	0	0	0	0	0.124	0	0	0.199	0.268
CD38	NADK	9606.ENSP00000226279	9606.ENSP00000367890	0	0	0	0	0.050	0	0	0.273	0.280
CD38	ISG15	9606.ENSP00000226279	9606.ENSP00000496832	0	0	0	0	0.099	0	0	0.238	0.284
CD38	MX1	9606.ENSP00000226279	9606.ENSP00000381601	0	0	0	0	0.067	0	0	0.305	0.323
CD38	TNFSF10	9606.ENSP00000226279	9606.ENSP00000241261	0	0	0	0	0.081	0	0	0.305	0.333
CD38	CR1	9606.ENSP00000226279	9606.ENSP00000356016	0	0	0	0	0.104	0	0	0.392	0.432
CD38	ITGB3	9606.ENSP00000226279	9606.ENSP00000452786	0	0	0	0	0.060	0	0	0.430	0.441
CD38	ITGB1	9606.ENSP00000226279	9606.ENSP00000379350	0	0	0	0	0.061	0	0	0.463	0.475
CD38	FCGR2A	9606.ENSP00000226279	9606.ENSP00000271450	0	0	0	0	0.072	0	0	0.512	0.527
CD38	CD58	9606.ENSP00000226279	9606.ENSP00000358501	0	0	0	0	0.084	0	0	0.546	0.567
CD38	STAT1	9606.ENSP00000226279	9606.ENSP00000354394	0	0	0	0	0.163	0	0	0.570	0.624
CD58	TNFSF10	9606.ENSP00000358501	9606.ENSP00000241261	0	0	0	0	0.092	0	0	0.213	0.255
CD58	FCGR2A	9606.ENSP00000358501	9606.ENSP00000271450	0	0	0	0	0.144	0	0	0.366	0.434
CD58	STAT1	9606.ENSP00000358501	9606.ENSP00000354394	0	0	0	0	0.102	0	0	0.220	0.269
CD58	CR1	9606.ENSP00000358501	9606.ENSP00000356016	0	0	0	0	0.066	0.047	0	0.243	0.269
CD58	ISG15	9606.ENSP00000358501	9606.ENSP00000496832	0	0	0	0	0.087	0.075	0	0.099	0.173
CD58	IL13RA1	9606.ENSP00000358501	9606.ENSP00000360730	0	0	0	0	0.129	0	0	0.129	0.209
CD58	ITGB3	9606.ENSP00000358501	9606.ENSP00000452786	0	0	0	0	0.061	0.045	0	0.213	0.232
CD58	ITGB1	9606.ENSP00000358501	9606.ENSP00000379350	0	0	0	0	0.065	0.129	0	0.466	0.527
CDKN1A	USP18	9606.ENSP00000384849	9606.ENSP00000215794	0	0	0	0	0.057	0	0	0.140	0.155
CDKN1A	OAS3	9606.ENSP00000384849	9606.ENSP00000228928	0	0	0	0	0.107	0	0	0.106	0.168
CDKN1A	TNFSF10	9606.ENSP00000384849	9606.ENSP00000241261	0	0	0	0	0.043	0	0	0.356	0.357
CDKN1A	EREG	9606.ENSP00000384849	9606.ENSP00000244869	0	0	0	0	0.060	0	0	0.202	0.217
CDKN1A	SMAD7	9606.ENSP00000384849	9606.ENSP00000262158	0	0	0	0	0.081	0	0	0.631	0.647
CDKN1A	SQLE	9606.ENSP00000384849	9606.ENSP00000265896	0	0	0	0	0.086	0	0	0.119	0.160
CDKN1A	HNMT	9606.ENSP00000384849	9606.ENSP00000280097	0	0	0	0	0	0	0	0.202	0.202
CDKN1A	REST	9606.ENSP00000384849	9606.ENSP00000311816	0	0	0	0	0	0.045	0	0.172	0.175
CDKN1A	TNS3	9606.ENSP00000384849	9606.ENSP00000312143	0	0	0	0	0.058	0	0	0.160	0.175
CDKN1A	MEF2C	9606.ENSP00000384849	9606.ENSP00000340874	0	0	0	0	0	0	0	0.260	0.260
CDKN1A	IFI6	9606.ENSP00000384849	9606.ENSP00000342513	0	0	0	0	0.122	0	0	0.166	0.237
CDKN1A	ELK4	9606.ENSP00000384849	9606.ENSP00000350681	0	0	0	0	0.057	0	0	0.184	0.198
CDKN1A	STAT1	9606.ENSP00000384849	9606.ENSP00000354394	0	0	0	0	0.105	0	0.400	0.599	0.765
CDKN1A	XAF1	9606.ENSP00000384849	9606.ENSP00000354822	0	0	0	0	0.060	0.047	0	0.174	0.196
CDKN1A	TTK	9606.ENSP00000384849	9606.ENSP00000358813	0	0	0	0	0	0	0	0.179	0.179
CDKN1A	IFI44	9606.ENSP00000384849	9606.ENSP00000359783	0	0	0	0	0.122	0	0	0.095	0.172
CDKN1A	IFIT1	9606.ENSP00000384849	9606.ENSP00000360869	0	0	0	0	0.089	0	0	0.176	0.218
CDKN1A	ITGB1	9606.ENSP00000384849	9606.ENSP00000379350	0	0	0	0	0.061	0	0	0.295	0.311
CDKN1A	MX1	9606.ENSP00000384849	9606.ENSP00000381601	0	0	0	0	0.111	0	0	0.237	0.293
CDKN1A	NUSAP1	9606.ENSP00000384849	9606.ENSP00000499238	0	0	0	0	0	0	0	0.162	0.162
CDKN1A	OAS1	9606.ENSP00000384849	9606.ENSP00000388001	0	0	0	0	0.116	0	0	0.163	0.229
CDKN1A	ITGB3	9606.ENSP00000384849	9606.ENSP00000452786	0	0	0	0	0.090	0	0	0.207	0.248
CDKN1A	TGFBI	9606.ENSP00000384849	9606.ENSP00000416330	0	0	0	0	0.146	0	0	0.211	0.297
CDKN1A	ISG15	9606.ENSP00000384849	9606.ENSP00000496832	0	0	0	0	0.092	0.094	0	0.225	0.306
CFD	SQLE	9606.ENSP00000468253	9606.ENSP00000265896	0	0	0	0	0.071	0.091	0	0.085	0.160
CFD	CR1	9606.ENSP00000468253	9606.ENSP00000356016	0	0	0	0	0.072	0.046	0	0.207	0.237
CFD	LILRA2	9606.ENSP00000468253	9606.ENSP00000375618	0	0	0	0	0.144	0.113	0	0.044	0.210
CFD	ITGB1	9606.ENSP00000468253	9606.ENSP00000379350	0	0	0	0	0	0	0	0.174	0.173
CFD	GIMAP4	9606.ENSP00000468253	9606.ENSP00000419545	0	0	0	0	0.109	0.107	0	0.042	0.171
CLIC4	TGFBI	9606.ENSP00000363500	9606.ENSP00000416330	0	0	0	0	0.072	0	0	0.137	0.164
CLIC4	ITGB3	9606.ENSP00000363500	9606.ENSP00000452786	0	0	0	0	0.111	0	0	0.108	0.173
CLIC4	ITGB1	9606.ENSP00000363500	9606.ENSP00000379350	0	0	0	0	0.114	0	0	0.152	0.216
CLIC4	NADK	9606.ENSP00000363500	9606.ENSP00000367890	0	0	0	0	0.112	0	0	0.177	0.239
COBLL1	PTPRN2	9606.ENSP00000487041	9606.ENSP00000374069	0	0	0	0	0	0.180	0	0	0.179
COBLL1	NUSAP1	9606.ENSP00000487041	9606.ENSP00000499238	0	0	0.217	0	0	0	0	0	0.217
CR1	FCGR2A	9606.ENSP00000356016	9606.ENSP00000271450	0	0	0	0	0.261	0	0	0.729	0.791
CR1	ITGB3	9606.ENSP00000356016	9606.ENSP00000452786	0	0	0	0	0.049	0	0	0.222	0.228
CR1	LILRA2	9606.ENSP00000356016	9606.ENSP00000375618	0	0	0	0	0.138	0.091	0	0.102	0.235
CR1	ITGB1	9606.ENSP00000356016	9606.ENSP00000379350	0	0	0	0	0	0	0	0.291	0.290
DDX60	USP18	9606.ENSP00000377344	9606.ENSP00000215794	0	0	0	0	0.571	0.091	0	0.504	0.790
DDX60	OAS3	9606.ENSP00000377344	9606.ENSP00000228928	0	0	0	0	0.776	0	0	0.530	0.890
DDX60	TNFSF10	9606.ENSP00000377344	9606.ENSP00000241261	0	0	0	0	0.340	0	0	0.134	0.404
DDX60	HERC6	9606.ENSP00000377344	9606.ENSP00000264346	0	0	0	0	0.797	0	0	0.538	0.902
DDX60	IFI6	9606.ENSP00000377344	9606.ENSP00000342513	0	0	0	0	0.627	0	0	0.542	0.821
DDX60	PRRC2C	9606.ENSP00000377344	9606.ENSP00000343629	0	0	0	0	0.056	0.169	0	0.066	0.203
DDX60	STAT1	9606.ENSP00000377344	9606.ENSP00000354394	0	0	0	0	0.638	0	0	0.426	0.783
DDX60	XAF1	9606.ENSP00000377344	9606.ENSP00000354822	0	0	0	0	0.772	0.065	0	0.354	0.850
DDX60	IFI44	9606.ENSP00000377344	9606.ENSP00000359783	0	0	0	0	0.796	0	0	0.621	0.919
DDX60	IFI44L	9606.ENSP00000377344	9606.ENSP00000359787	0	0	0	0	0.776	0	0	0.570	0.899
DDX60	IFIT1	9606.ENSP00000377344	9606.ENSP00000360869	0	0	0	0	0.784	0	0	0.752	0.944
DDX60	RSAD2	9606.ENSP00000377344	9606.ENSP00000371471	0	0	0	0	0.789	0	0	0.598	0.911
DDX60	TREX1	9606.ENSP00000377344	9606.ENSP00000486676	0	0	0	0	0.085	0	0	0.232	0.267
DDX60	IFI27	9606.ENSP00000377344	9606.ENSP00000483430	0	0	0	0	0.427	0	0	0.446	0.668
DDX60	MX1	9606.ENSP00000377344	9606.ENSP00000381601	0	0	0	0	0.570	0.046	0	0.614	0.828
DDX60	OAS1	9606.ENSP00000377344	9606.ENSP00000388001	0	0	0	0	0.784	0	0	0.703	0.933
DDX60	ISG15	9606.ENSP00000377344	9606.ENSP00000496832	0	0	0	0	0.750	0.185	0	0.727	0.939
EBP	SQLE	9606.ENSP00000417052	9606.ENSP00000265896	0	0	0	0	0.297	0	0	0.587	0.697
EBP	FAXDC2	9606.ENSP00000417052	9606.ENSP00000320604	0	0	0	0	0.106	0.080	0.130	0.166	0.323
ELK4	REST	9606.ENSP00000350681	9606.ENSP00000311816	0	0	0	0	0.126	0.045	0	0.176	0.252
ELK4	MEF2C	9606.ENSP00000350681	9606.ENSP00000340874	0	0	0	0	0	0	0	0.240	0.240
ELK4	STAT1	9606.ENSP00000350681	9606.ENSP00000354394	0	0	0	0	0.042	0	0	0.178	0.178
EREG	TNFSF10	9606.ENSP00000244869	9606.ENSP00000241261	0	0	0	0	0	0	0	0.161	0.161
EREG	ITGB3	9606.ENSP00000244869	9606.ENSP00000452786	0	0	0	0	0	0	0	0.151	0.151
EREG	TYMP	9606.ENSP00000244869	9606.ENSP00000379038	0	0	0	0	0.043	0	0	0.160	0.162
EREG	ITGB1	9606.ENSP00000244869	9606.ENSP00000379350	0	0	0	0	0	0	0	0.164	0.163
EREG	KYNU	9606.ENSP00000244869	9606.ENSP00000264170	0	0	0	0	0.080	0	0	0.132	0.167
EREG	STAT1	9606.ENSP00000244869	9606.ENSP00000354394	0	0	0	0	0	0	0	0.182	0.181
FAXDC2	SQLE	9606.ENSP00000320604	9606.ENSP00000265896	0	0	0	0	0.675	0.782	0	0.346	0.949
FAXDC2	ISG15	9606.ENSP00000320604	9606.ENSP00000496832	0	0	0	0	0	0	0	0.166	0.165
FAXDC2	RSAD2	9606.ENSP00000320604	9606.ENSP00000371471	0	0	0	0	0	0	0	0.175	0.175
FAXDC2	GK	9606.ENSP00000320604	9606.ENSP00000401720	0	0	0	0	0	0	0	0.186	0.186
FCGR2A	OAS3	9606.ENSP00000271450	9606.ENSP00000228928	0	0	0	0	0.094	0	0	0.118	0.168
FCGR2A	TNFSF10	9606.ENSP00000271450	9606.ENSP00000241261	0	0	0	0	0.085	0	0	0.199	0.235
FCGR2A	RSAD2	9606.ENSP00000271450	9606.ENSP00000371471	0	0	0	0	0.073	0	0	0.143	0.172
FCGR2A	IFI44	9606.ENSP00000271450	9606.ENSP00000359783	0	0	0	0	0.112	0	0	0.119	0.184
FCGR2A	GIMAP4	9606.ENSP00000271450	9606.ENSP00000419545	0	0	0	0	0.180	0	0	0.063	0.198
FCGR2A	ISG15	9606.ENSP00000271450	9606.ENSP00000496832	0	0	0	0	0.060	0	0	0.201	0.217
FCGR2A	IFI6	9606.ENSP00000271450	9606.ENSP00000342513	0	0	0	0	0.049	0	0	0.210	0.217
FCGR2A	IFIT1	9606.ENSP00000271450	9606.ENSP00000360869	0	0	0	0	0.080	0	0	0.188	0.221
FCGR2A	OAS1	9606.ENSP00000271450	9606.ENSP00000388001	0	0	0	0	0.112	0	0	0.193	0.253
FCGR2A	IL13RA1	9606.ENSP00000271450	9606.ENSP00000360730	0	0	0	0	0.166	0	0	0.167	0.276
FCGR2A	MX1	9606.ENSP00000271450	9606.ENSP00000381601	0	0	0	0	0.106	0	0	0.261	0.311
FCGR2A	ITGB1	9606.ENSP00000271450	9606.ENSP00000379350	0	0	0	0	0.072	0	0	0.323	0.345
FCGR2A	LILRA2	9606.ENSP00000271450	9606.ENSP00000375618	0	0	0	0	0.289	0.091	0	0.144	0.398
FCGR2A	STAT1	9606.ENSP00000271450	9606.ENSP00000354394	0	0	0	0	0.118	0	0	0.375	0.425
FCGR2A	ITGB3	9606.ENSP00000271450	9606.ENSP00000452786	0	0	0	0	0.092	0	0	0.587	0.609
GABRE	TGFBI	9606.ENSP00000359353	9606.ENSP00000416330	0	0	0	0	0.080	0	0	0.157	0.191
GAS7	USP18	9606.ENSP00000407552	9606.ENSP00000215794	0	0	0	0	0.057	0.136	0	0.092	0.195
GAS7	SMAD7	9606.ENSP00000407552	9606.ENSP00000262158	0	0	0	0	0	0.250	0	0.083	0.282
GAS7	TNS3	9606.ENSP00000407552	9606.ENSP00000312143	0	0	0	0	0.048	0.137	0	0.085	0.182
GAS7	MEF2C	9606.ENSP00000407552	9606.ENSP00000340874	0	0	0	0	0.106	0.048	0	0.112	0.178
GAS7	PTPRN2	9606.ENSP00000407552	9606.ENSP00000374069	0	0	0	0	0.112	0.093	0	0.068	0.185
GAS7	MX1	9606.ENSP00000407552	9606.ENSP00000381601	0	0	0	0	0.068	0.086	0	0.148	0.211
GAS7	ISG15	9606.ENSP00000407552	9606.ENSP00000496832	0	0	0	0	0	0.303	0	0.115	0.356
GIMAP4	TNFSF10	9606.ENSP00000419545	9606.ENSP00000241261	0	0	0	0	0.276	0	0	0.060	0.290
GIMAP4	STK17A	9606.ENSP00000419545	9606.ENSP00000319192	0	0	0	0	0.067	0.094	0	0.080	0.155
GIMAP4	MEF2C	9606.ENSP00000419545	9606.ENSP00000340874	0	0	0	0	0.097	0.105	0	0.116	0.223
GIMAP4	STAT1	9606.ENSP00000419545	9606.ENSP00000354394	0	0	0	0	0.131	0	0	0.117	0.200
GIMAP4	XAF1	9606.ENSP00000419545	9606.ENSP00000354822	0	0	0	0	0.203	0.097	0	0.063	0.267
GIMAP4	IFIT1	9606.ENSP00000419545	9606.ENSP00000360869	0	0	0	0	0.080	0.113	0	0.075	0.179
GIMAP4	LILRA2	9606.ENSP00000419545	9606.ENSP00000375618	0	0	0	0	0.097	0.067	0	0.110	0.185
GIMAP4	MX1	9606.ENSP00000419545	9606.ENSP00000381601	0	0	0	0	0.144	0.071	0	0.087	0.211
GIMAP4	IFI27	9606.ENSP00000419545	9606.ENSP00000483430	0	0	0	0	0.101	0.095	0	0.041	0.151
GIMAP4	ISG15	9606.ENSP00000419545	9606.ENSP00000496832	0	0	0	0	0.062	0.125	0	0.083	0.182
GK	SQLE	9606.ENSP00000401720	9606.ENSP00000265896	0	0	0	0	0.042	0	0	0.208	0.209
GK	NADK	9606.ENSP00000401720	9606.ENSP00000367890	0.054	0	0	0	0.092	0	0	0.193	0.247
GK	TYMP	9606.ENSP00000401720	9606.ENSP00000379038	0.042	0	0	0	0.084	0	0	0.135	0.174
GK	ISG15	9606.ENSP00000401720	9606.ENSP00000496832	0	0	0	0	0.045	0.131	0	0.070	0.160
HERC6	USP18	9606.ENSP00000264346	9606.ENSP00000215794	0	0	0	0	0.783	0	0	0.568	0.902
HERC6	OAS3	9606.ENSP00000264346	9606.ENSP00000228928	0	0	0	0	0.785	0	0	0.497	0.887
HERC6	TNFSF10	9606.ENSP00000264346	9606.ENSP00000241261	0	0	0	0	0.255	0	0	0.158	0.345
HERC6	STAT1	9606.ENSP00000264346	9606.ENSP00000354394	0	0	0	0	0.486	0	0	0.349	0.652
HERC6	IFI27	9606.ENSP00000264346	9606.ENSP00000483430	0	0	0	0	0.522	0	0	0.448	0.724
HERC6	IFI6	9606.ENSP00000264346	9606.ENSP00000342513	0	0	0	0	0.631	0	0	0.479	0.799
HERC6	XAF1	9606.ENSP00000264346	9606.ENSP00000354822	0	0	0	0	0.769	0.074	0	0.419	0.864
HERC6	OAS1	9606.ENSP00000264346	9606.ENSP00000388001	0	0	0	0	0.772	0	0	0.470	0.874
HERC6	IFIT1	9606.ENSP00000264346	9606.ENSP00000360869	0	0	0	0	0.780	0	0	0.487	0.882
HERC6	IFI44L	9606.ENSP00000264346	9606.ENSP00000359787	0	0	0	0	0.788	0	0	0.474	0.883
HERC6	MX1	9606.ENSP00000264346	9606.ENSP00000381601	0	0	0	0	0.777	0	0	0.512	0.887
HERC6	RSAD2	9606.ENSP00000264346	9606.ENSP00000371471	0	0	0	0	0.790	0	0	0.560	0.903
HERC6	IFI44	9606.ENSP00000264346	9606.ENSP00000359783	0	0	0	0	0.792	0	0	0.578	0.908
HERC6	ISG15	9606.ENSP00000264346	9606.ENSP00000496832	0	0	0	0	0.774	0.067	0	0.746	0.941
HNMT	KYNU	9606.ENSP00000280097	9606.ENSP00000264170	0	0	0	0	0.108	0	0	0.168	0.226
HNMT	ITGB1	9606.ENSP00000280097	9606.ENSP00000379350	0	0	0	0	0.048	0	0	0.352	0.356
IFI27	USP18	9606.ENSP00000483430	9606.ENSP00000215794	0	0	0	0	0.480	0.045	0	0.576	0.771
IFI27	OAS3	9606.ENSP00000483430	9606.ENSP00000228928	0	0	0	0	0.544	0	0	0.757	0.884
IFI27	TNFSF10	9606.ENSP00000483430	9606.ENSP00000241261	0	0	0	0	0.197	0	0	0.322	0.432
IFI27	PDZK1IP1	9606.ENSP00000483430	9606.ENSP00000294338	0	0	0	0	0.107	0	0	0.104	0.165
IFI27	IFI6	9606.ENSP00000483430	9606.ENSP00000342513	0	0	0.120	0.828	0.763	0	0	0.483	0.882
IFI27	STAT1	9606.ENSP00000483430	9606.ENSP00000354394	0	0	0	0	0.333	0	0.500	0.570	0.844
IFI27	XAF1	9606.ENSP00000483430	9606.ENSP00000354822	0	0	0	0	0.627	0.084	0	0.696	0.887
IFI27	IFI44	9606.ENSP00000483430	9606.ENSP00000359783	0	0	0	0	0.772	0	0	0.769	0.945
IFI27	IFI44L	9606.ENSP00000483430	9606.ENSP00000359787	0	0	0	0	0.777	0.128	0	0.894	0.977
IFI27	IFIT1	9606.ENSP00000483430	9606.ENSP00000360869	0	0	0	0	0.640	0.054	0	0.824	0.934
IFI27	RSAD2	9606.ENSP00000483430	9606.ENSP00000371471	0	0	0	0	0.770	0	0	0.826	0.958
IFI27	TYMP	9606.ENSP00000483430	9606.ENSP00000379038	0	0	0	0	0.184	0	0	0	0.183
IFI27	MX1	9606.ENSP00000483430	9606.ENSP00000381601	0	0	0	0	0.773	0.072	0	0.822	0.959
IFI27	OAS1	9606.ENSP00000483430	9606.ENSP00000388001	0	0	0	0	0.675	0	0	0.814	0.937
IFI27	TREX1	9606.ENSP00000483430	9606.ENSP00000486676	0	0	0	0	0.081	0	0	0.150	0.185
IFI27	ISG15	9606.ENSP00000483430	9606.ENSP00000496832	0	0	0	0	0.783	0.109	0	0.857	0.970
IFI44	USP18	9606.ENSP00000359783	9606.ENSP00000215794	0	0	0	0	0.833	0	0	0.650	0.939
IFI44	OAS3	9606.ENSP00000359783	9606.ENSP00000228928	0	0	0	0	0.800	0	0	0.663	0.929
IFI44	TNFSF10	9606.ENSP00000359783	9606.ENSP00000241261	0	0	0	0	0.275	0	0	0.339	0.500
IFI44	IFI6	9606.ENSP00000359783	9606.ENSP00000342513	0	0	0	0	0.784	0	0	0.821	0.959
IFI44	STAT1	9606.ENSP00000359783	9606.ENSP00000354394	0	0	0	0	0.690	0	0	0.737	0.915
IFI44	XAF1	9606.ENSP00000359783	9606.ENSP00000354822	0	0	0	0	0.891	0.102	0	0.725	0.970
IFI44	ITGB3	9606.ENSP00000359783	9606.ENSP00000452786	0	0	0	0	0.106	0	0	0.093	0.155
IFI44	IL13RA1	9606.ENSP00000359783	9606.ENSP00000360730	0	0	0	0	0.086	0	0	0.177	0.217
IFI44	ITGB1	9606.ENSP00000359783	9606.ENSP00000379350	0	0	0	0	0.067	0	0	0.196	0.218
IFI44	LILRA2	9606.ENSP00000359783	9606.ENSP00000375618	0	0	0	0	0.104	0.126	0	0.099	0.233
IFI44	TYMP	9606.ENSP00000359783	9606.ENSP00000379038	0	0	0	0	0.242	0	0	0	0.241
IFI44	OAS1	9606.ENSP00000359783	9606.ENSP00000388001	0	0	0	0	0.796	0	0	0.820	0.961
IFI44	ISG15	9606.ENSP00000359783	9606.ENSP00000496832	0	0	0	0	0.803	0	0	0.828	0.964
IFI44	MX1	9606.ENSP00000359783	9606.ENSP00000381601	0	0	0	0	0.793	0	0	0.849	0.967
IFI44	IFIT1	9606.ENSP00000359783	9606.ENSP00000360869	0	0	0	0	0.816	0	0	0.864	0.974
IFI44	RSAD2	9606.ENSP00000359783	9606.ENSP00000371471	0	0	0	0	0.910	0	0	0.823	0.983
IFI44	IFI44L	9606.ENSP00000359783	9606.ENSP00000359787	0	0	0.086	0.909	0.999	0	0	0.702	0.999
IFI44L	USP18	9606.ENSP00000359787	9606.ENSP00000215794	0	0	0	0	0.778	0	0	0.583	0.903
IFI44L	OAS3	9606.ENSP00000359787	9606.ENSP00000228928	0	0	0	0	0.781	0	0	0.662	0.922
IFI44L	TNFSF10	9606.ENSP00000359787	9606.ENSP00000241261	0	0	0	0	0.260	0	0	0.271	0.437
IFI44L	IFI6	9606.ENSP00000359787	9606.ENSP00000342513	0	0	0	0	0.780	0.128	0	0.848	0.968
IFI44L	STAT1	9606.ENSP00000359787	9606.ENSP00000354394	0	0	0	0	0.737	0	0	0.528	0.870
IFI44L	XAF1	9606.ENSP00000359787	9606.ENSP00000354822	0	0	0	0	0.935	0	0	0.726	0.981
IFI44L	TREX1	9606.ENSP00000359787	9606.ENSP00000486676	0	0	0	0	0.104	0	0	0.123	0.181
IFI44L	TYMP	9606.ENSP00000359787	9606.ENSP00000379038	0	0	0	0	0.257	0	0	0	0.256
IFI44L	OAS1	9606.ENSP00000359787	9606.ENSP00000388001	0	0	0	0	0.780	0	0	0.806	0.955
IFI44L	ISG15	9606.ENSP00000359787	9606.ENSP00000496832	0	0	0	0	0.781	0	0	0.840	0.963
IFI44L	MX1	9606.ENSP00000359787	9606.ENSP00000381601	0	0	0	0	0.789	0	0	0.841	0.965
IFI44L	IFIT1	9606.ENSP00000359787	9606.ENSP00000360869	0	0	0	0	0.788	0	0	0.852	0.967
IFI44L	RSAD2	9606.ENSP00000359787	9606.ENSP00000371471	0	0	0	0	0.999	0	0	0.909	0.999
IFI6	USP18	9606.ENSP00000342513	9606.ENSP00000215794	0	0	0	0	0.637	0.045	0	0.720	0.894
IFI6	OAS3	9606.ENSP00000342513	9606.ENSP00000228928	0	0	0	0	0.777	0	0	0.768	0.946
IFI6	TNFSF10	9606.ENSP00000342513	9606.ENSP00000241261	0	0	0	0	0.166	0	0	0.554	0.612
IFI6	SQLE	9606.ENSP00000342513	9606.ENSP00000265896	0	0	0	0	0.091	0.067	0	0.118	0.187
IFI6	TREX1	9606.ENSP00000342513	9606.ENSP00000486676	0	0	0	0	0.110	0	0	0.092	0.157
IFI6	TGFBI	9606.ENSP00000342513	9606.ENSP00000416330	0	0	0	0	0.087	0.057	0	0.108	0.164
IFI6	TYMP	9606.ENSP00000342513	9606.ENSP00000379038	0	0	0	0	0.250	0	0	0	0.250
IFI6	RSAD2	9606.ENSP00000342513	9606.ENSP00000371471	0	0	0	0	0.773	0	0	0.690	0.926
IFI6	IFIT1	9606.ENSP00000342513	9606.ENSP00000360869	0	0	0	0	0.766	0.054	0	0.720	0.932
IFI6	STAT1	9606.ENSP00000342513	9606.ENSP00000354394	0	0	0	0	0.547	0	0.500	0.732	0.934
IFI6	XAF1	9606.ENSP00000342513	9606.ENSP00000354822	0	0	0	0	0.774	0.084	0	0.723	0.937
IFI6	OAS1	9606.ENSP00000342513	9606.ENSP00000388001	0	0	0	0	0.789	0	0	0.815	0.959
IFI6	ISG15	9606.ENSP00000342513	9606.ENSP00000496832	0	0	0	0	0.818	0.109	0	0.767	0.959
IFI6	MX1	9606.ENSP00000342513	9606.ENSP00000381601	0	0	0	0	0.794	0.072	0	0.810	0.960
IFIT1	USP18	9606.ENSP00000360869	9606.ENSP00000215794	0	0	0	0	0.706	0.071	0.400	0.726	0.949
IFIT1	OAS3	9606.ENSP00000360869	9606.ENSP00000228928	0	0	0	0	0.789	0.091	0	0.832	0.965
IFIT1	TNFSF10	9606.ENSP00000360869	9606.ENSP00000241261	0	0	0	0	0.260	0	0	0.348	0.496
IFIT1	STAT1	9606.ENSP00000360869	9606.ENSP00000354394	0	0	0	0	0.522	0	0.400	0.824	0.945
IFIT1	XAF1	9606.ENSP00000360869	9606.ENSP00000354822	0	0	0	0	0.767	0.100	0	0.649	0.920
IFIT1	TGFBI	9606.ENSP00000360869	9606.ENSP00000416330	0	0	0	0	0.067	0	0	0.139	0.163
IFIT1	TYMP	9606.ENSP00000360869	9606.ENSP00000379038	0	0	0	0	0.165	0	0	0.067	0.187
IFIT1	TREX1	9606.ENSP00000360869	9606.ENSP00000486676	0	0	0	0	0.143	0	0	0.274	0.351
IFIT1	OAS1	9606.ENSP00000360869	9606.ENSP00000388001	0	0	0	0	0.790	0.071	0	0.810	0.960
IFIT1	RSAD2	9606.ENSP00000360869	9606.ENSP00000371471	0	0	0	0	0.817	0.091	0	0.837	0.970
IFIT1	MX1	9606.ENSP00000360869	9606.ENSP00000381601	0	0	0	0	0.800	0	0.400	0.918	0.989
IFIT1	ISG15	9606.ENSP00000360869	9606.ENSP00000496832	0	0	0	0	0.802	0.109	0.500	0.934	0.993
IL13RA1	TNFSF10	9606.ENSP00000360730	9606.ENSP00000241261	0	0	0	0	0.074	0	0	0.500	0.517
IL13RA1	STAT1	9606.ENSP00000360730	9606.ENSP00000354394	0	0	0	0	0.103	0	0.500	0.370	0.692
IL13RA1	ITGB1	9606.ENSP00000360730	9606.ENSP00000379350	0	0	0	0	0.067	0	0	0.134	0.158
IL13RA1	RAB31	9606.ENSP00000360730	9606.ENSP00000461945	0	0	0	0	0.248	0	0	0	0.248
IL13RA1	TGFBI	9606.ENSP00000360730	9606.ENSP00000416330	0	0	0	0	0.211	0	0	0.135	0.288
ISG15	USP18	9606.ENSP00000496832	9606.ENSP00000215794	0	0	0	0	0.813	0.921	0.400	0.959	0.999
ISG15	OAS3	9606.ENSP00000496832	9606.ENSP00000228928	0	0	0	0	0.796	0	0	0.722	0.941
ISG15	TNFSF10	9606.ENSP00000496832	9606.ENSP00000241261	0	0	0	0	0.213	0	0	0.337	0.455
ISG15	KYNU	9606.ENSP00000496832	9606.ENSP00000264170	0	0	0	0	0.097	0	0	0.101	0.154
ISG15	SQLE	9606.ENSP00000496832	9606.ENSP00000265896	0	0	0	0	0.042	0.112	0	0.134	0.199
ISG15	MEF2C	9606.ENSP00000496832	9606.ENSP00000340874	0	0	0	0	0	0.081	0	0.127	0.164
ISG15	STAT1	9606.ENSP00000496832	9606.ENSP00000354394	0	0	0	0	0.635	0.060	0.500	0.935	0.987
ISG15	XAF1	9606.ENSP00000496832	9606.ENSP00000354822	0	0	0	0	0.774	0.092	0	0.515	0.891
ISG15	RSAD2	9606.ENSP00000496832	9606.ENSP00000371471	0	0	0	0	0.815	0	0	0.889	0.978
ISG15	TYMP	9606.ENSP00000496832	9606.ENSP00000379038	0	0	0	0	0.254	0	0	0	0.254
ISG15	ITGB1	9606.ENSP00000496832	9606.ENSP00000379350	0	0	0	0	0.054	0.052	0	0.144	0.166
ISG15	MX1	9606.ENSP00000496832	9606.ENSP00000381601	0	0	0	0	0.841	0.104	0.500	0.931	0.994
ISG15	OAS1	9606.ENSP00000496832	9606.ENSP00000388001	0	0	0	0	0.797	0	0	0.923	0.983
ISG15	TGFBI	9606.ENSP00000496832	9606.ENSP00000416330	0	0	0	0	0.062	0	0	0.132	0.151
ISG15	TREX1	9606.ENSP00000496832	9606.ENSP00000486676	0	0	0	0	0.164	0.071	0	0.233	0.352
ITGB1	TNFSF10	9606.ENSP00000379350	9606.ENSP00000241261	0	0	0	0	0	0	0	0.205	0.205
ITGB1	SMAD7	9606.ENSP00000379350	9606.ENSP00000262158	0	0	0	0	0.066	0	0	0.265	0.285
ITGB1	TNS3	9606.ENSP00000379350	9606.ENSP00000312143	0	0	0	0	0.056	0.079	0	0.741	0.755
ITGB1	MEF2C	9606.ENSP00000379350	9606.ENSP00000340874	0	0	0	0	0.044	0	0	0.260	0.262
ITGB1	STAT1	9606.ENSP00000379350	9606.ENSP00000354394	0	0	0	0	0.078	0	0.500	0.276	0.637
ITGB1	MX1	9606.ENSP00000379350	9606.ENSP00000381601	0	0	0	0	0.068	0	0	0.143	0.168
ITGB1	TGFBI	9606.ENSP00000379350	9606.ENSP00000416330	0	0	0	0	0.129	0	0	0.308	0.371
ITGB1	ITGB3	9606.ENSP00000379350	9606.ENSP00000452786	0	0	0.076	0.920	0.124	0.226	0.900	0.832	0.987
ITGB3	SMAD7	9606.ENSP00000452786	9606.ENSP00000262158	0	0	0	0	0.058	0	0	0.185	0.199
ITGB3	TNS3	9606.ENSP00000452786	9606.ENSP00000312143	0	0	0	0	0.075	0.079	0	0.265	0.319
ITGB3	MEF2C	9606.ENSP00000452786	9606.ENSP00000340874	0	0	0	0	0.063	0	0	0.156	0.176
ITGB3	STAT1	9606.ENSP00000452786	9606.ENSP00000354394	0	0	0	0	0.055	0	0	0.255	0.265
ITGB3	MX1	9606.ENSP00000452786	9606.ENSP00000381601	0	0	0	0	0.068	0	0	0.157	0.181
ITGB3	TGFBI	9606.ENSP00000452786	9606.ENSP00000416330	0	0	0	0	0.147	0	0	0.743	0.771
KYNU	STAT1	9606.ENSP00000264170	9606.ENSP00000354394	0	0	0	0	0.065	0	0	0.170	0.190
KYNU	NADK	9606.ENSP00000264170	9606.ENSP00000367890	0	0	0	0	0.044	0	0	0.357	0.359
KYNU	SQLE	9606.ENSP00000264170	9606.ENSP00000265896	0.115	0	0	0	0.155	0	0.673	0.346	0.818
LILRA2	STAT1	9606.ENSP00000375618	9606.ENSP00000354394	0	0	0	0	0.105	0.091	0	0.101	0.205
LILRA2	TGFBI	9606.ENSP00000375618	9606.ENSP00000416330	0	0	0	0	0.112	0.044	0	0.080	0.150
MEF2C	SMAD7	9606.ENSP00000340874	9606.ENSP00000262158	0	0	0	0	0	0.044	0	0.516	0.518
MEF2C	REST	9606.ENSP00000340874	9606.ENSP00000311816	0	0	0	0	0	0.078	0	0.210	0.240
MEF2C	STAT1	9606.ENSP00000340874	9606.ENSP00000354394	0	0	0	0	0.060	0	0	0.223	0.239
MEF2C	MX1	9606.ENSP00000340874	9606.ENSP00000381601	0	0	0	0	0.057	0	0	0.375	0.386
MX1	USP18	9606.ENSP00000381601	9606.ENSP00000215794	0	0	0	0	0.750	0.091	0.400	0.733	0.958
MX1	OAS3	9606.ENSP00000381601	9606.ENSP00000228928	0	0	0	0	0.818	0	0	0.825	0.967
MX1	TNFSF10	9606.ENSP00000381601	9606.ENSP00000241261	0	0	0	0	0.282	0	0	0.605	0.704
MX1	SMAD7	9606.ENSP00000381601	9606.ENSP00000262158	0	0	0	0	0.086	0	0	0.187	0.225
MX1	STAT1	9606.ENSP00000381601	9606.ENSP00000354394	0	0	0	0	0.558	0	0.400	0.799	0.942
MX1	XAF1	9606.ENSP00000381601	9606.ENSP00000354822	0	0	0	0	0.779	0.041	0	0.675	0.925
MX1	RSAD2	9606.ENSP00000381601	9606.ENSP00000371471	0	0	0	0	0.860	0	0	0.888	0.983
MX1	TYMP	9606.ENSP00000381601	9606.ENSP00000379038	0	0	0	0	0.257	0	0	0.060	0.271
MX1	TGFBI	9606.ENSP00000381601	9606.ENSP00000416330	0	0	0	0	0.112	0	0	0.157	0.220
MX1	TREX1	9606.ENSP00000381601	9606.ENSP00000486676	0	0	0	0	0.171	0	0	0.193	0.302
MX1	OAS1	9606.ENSP00000381601	9606.ENSP00000388001	0	0	0	0	0.825	0	0	0.921	0.985
NADK	SQLE	9606.ENSP00000367890	9606.ENSP00000265896	0	0	0	0	0	0	0.122	0.102	0.177
NADK	TYMP	9606.ENSP00000367890	9606.ENSP00000379038	0.184	0	0	0	0.121	0	0	0.348	0.491
NUSAP1	TTK	9606.ENSP00000499238	9606.ENSP00000358813	0	0	0	0	0.856	0	0	0.507	0.926
OAS1	USP18	9606.ENSP00000388001	9606.ENSP00000215794	0	0	0	0	0.805	0	0	0.805	0.960
OAS1	OAS3	9606.ENSP00000388001	9606.ENSP00000228928	0	0	0.053	0.931	0.790	0	0.900	0.416	0.986
OAS1	TNFSF10	9606.ENSP00000388001	9606.ENSP00000241261	0	0	0	0	0.338	0	0	0.369	0.564
OAS1	STAT1	9606.ENSP00000388001	9606.ENSP00000354394	0	0	0	0	0.663	0	0.500	0.816	0.966
OAS1	XAF1	9606.ENSP00000388001	9606.ENSP00000354822	0	0	0	0	0.776	0	0	0.519	0.887
OAS1	RSAD2	9606.ENSP00000388001	9606.ENSP00000371471	0	0	0	0	0.818	0.091	0	0.821	0.967
OAS1	TYMP	9606.ENSP00000388001	9606.ENSP00000379038	0	0	0	0	0.330	0	0	0	0.330
OAS1	TREX1	9606.ENSP00000388001	9606.ENSP00000486676	0	0	0	0	0.178	0	0	0.167	0.286
OAS3	USP18	9606.ENSP00000228928	9606.ENSP00000215794	0	0	0	0	0.810	0	0	0.545	0.910
OAS3	TGFBI	9606.ENSP00000228928	9606.ENSP00000416330	0	0	0	0	0.104	0	0	0.091	0.150
OAS3	TREX1	9606.ENSP00000228928	9606.ENSP00000486676	0	0	0	0	0.165	0	0	0.063	0.184
OAS3	TYMP	9606.ENSP00000228928	9606.ENSP00000379038	0	0	0	0	0.258	0	0	0	0.258
OAS3	TNFSF10	9606.ENSP00000228928	9606.ENSP00000241261	0	0	0	0	0.219	0	0	0.247	0.386
OAS3	XAF1	9606.ENSP00000228928	9606.ENSP00000354822	0	0	0	0	0.776	0	0	0.492	0.881
OAS3	RSAD2	9606.ENSP00000228928	9606.ENSP00000371471	0	0	0	0	0.823	0.094	0	0.665	0.941
OAS3	STAT1	9606.ENSP00000228928	9606.ENSP00000354394	0	0	0	0	0.714	0	0.500	0.740	0.959
PDZK1IP1	TNFSF10	9606.ENSP00000294338	9606.ENSP00000241261	0	0	0	0	0.151	0	0	0	0.150
RAB31	TGFBI	9606.ENSP00000461945	9606.ENSP00000416330	0	0	0	0	0.241	0	0	0	0.240
REST	STAT1	9606.ENSP00000311816	9606.ENSP00000354394	0	0	0	0	0.060	0.057	0	0.304	0.329
RETREG1	TNS3	9606.ENSP00000304642	9606.ENSP00000312143	0	0	0	0	0.067	0.114	0	0.068	0.162
RSAD2	USP18	9606.ENSP00000371471	9606.ENSP00000215794	0	0	0	0	0.852	0	0	0.703	0.954
RSAD2	TNFSF10	9606.ENSP00000371471	9606.ENSP00000241261	0	0	0	0	0.331	0	0	0.343	0.541
RSAD2	STAT1	9606.ENSP00000371471	9606.ENSP00000354394	0	0	0	0	0.719	0	0.500	0.667	0.949
RSAD2	XAF1	9606.ENSP00000371471	9606.ENSP00000354822	0	0	0	0	0.780	0	0	0.567	0.900
RSAD2	TYMP	9606.ENSP00000371471	9606.ENSP00000379038	0	0	0	0	0.253	0	0	0	0.252
RSAD2	TREX1	9606.ENSP00000371471	9606.ENSP00000486676	0	0	0	0	0.150	0	0	0.180	0.273
SMAD7	TNFSF10	9606.ENSP00000262158	9606.ENSP00000241261	0	0	0	0	0	0	0	0.154	0.154
SMAD7	TGFBI	9606.ENSP00000262158	9606.ENSP00000416330	0	0	0	0	0.062	0	0	0.323	0.337
SMAD7	STAT1	9606.ENSP00000262158	9606.ENSP00000354394	0	0	0	0	0.092	0	0.750	0.604	0.902
SQLE	STAT1	9606.ENSP00000265896	9606.ENSP00000354394	0	0	0	0	0.088	0	0	0.135	0.178
STAT1	USP18	9606.ENSP00000354394	9606.ENSP00000215794	0	0	0	0	0.510	0	0.400	0.645	0.886
STAT1	TNFSF10	9606.ENSP00000354394	9606.ENSP00000241261	0	0	0	0	0.296	0	0	0.447	0.594
STAT1	TREX1	9606.ENSP00000354394	9606.ENSP00000486676	0	0	0	0	0.093	0	0	0.201	0.244
STAT1	TGFBI	9606.ENSP00000354394	9606.ENSP00000416330	0	0	0	0	0.097	0	0	0.201	0.247
STAT1	TYMP	9606.ENSP00000354394	9606.ENSP00000379038	0	0	0	0	0.336	0	0	0.125	0.394
STAT1	XAF1	9606.ENSP00000354394	9606.ENSP00000354822	0	0	0	0	0.763	0.096	0.500	0.432	0.931
TGFBI	TNS3	9606.ENSP00000416330	9606.ENSP00000312143	0	0	0	0	0.153	0	0	0.146	0.246
TNFSF10	USP18	9606.ENSP00000241261	9606.ENSP00000215794	0	0	0	0	0.162	0	0	0.180	0.283
TNFSF10	TYMP	9606.ENSP00000241261	9606.ENSP00000379038	0	0	0	0	0.183	0	0	0.122	0.252
TNFSF10	XAF1	9606.ENSP00000241261	9606.ENSP00000354822	0	0	0	0	0.314	0	0	0.417	0.582
TREX1	USP18	9606.ENSP00000486676	9606.ENSP00000215794	0	0	0	0	0.185	0	0	0.234	0.349
TYMP	USP18	9606.ENSP00000379038	9606.ENSP00000215794	0	0	0	0	0.121	0	0	0.091	0.166
TYMP	XAF1	9606.ENSP00000379038	9606.ENSP00000354822	0	0	0	0	0.419	0	0	0	0.418
USP18	XAF1	9606.ENSP00000215794	9606.ENSP00000354822	0	0	0	0	0.611	0.045	0	0.448	0.777
